entity,School Name,State,Website,Location,School Type,School Model,Grades/Ages,Estimated Size,Tuition/Schedule,Social Media,Reputation/Reviews,What They Do Well,Possible Gaps/Pain Points,Software Fit Reason,Priority Score,Confidence,Sources
"Primer Microschools Potranco, San Antonio TX",Primer Microschools Potranco,Texas,[Primer Potranco](https://primer.com/schools/potranco-tx),"8718 Potranco Road, San Antonio, TX 78251",Private microschool / private school network campus,"Teacher-led K–8 microschool with mixed-age classrooms, project-based learning, and a foundations-first approach; part of the Primer network",K–8,"Likely small, early-stage campus; no official enrollment number published. Local reporting says Primer’s campuses typically have 3–6 mixed-age classrooms and the network’s model uses cohorts under 15 students per class.","Tuition is presented as free for Texas students via Texas Education Freedom Accounts; Primer also says admissions are open and rolling, with an after-school program at small additional cost. Opening August 2026.","['[Instagram](https://www.instagram.com/withprimer/)', '[Facebook](https://www.facebook.com/WithPrimer/)']","Official site shows strong parent-facing messaging and testimonials, while local reporting describes Primer as a growing private microschool network entering San Antonio in 2026 with rolling enrollment and voucher-driven tuition. Public review volume for the Potranco campus itself appears limited because it is not yet open; broader web results include GreatSchools and Niche entries but not substantial firsthand review history.","['Clear family-facing admissions flow and branded campus page', 'Teacher-led, small-group microschool model aligned with hybrid/private microschool buyers', 'Strong emphasis on communication, warmth, and personalized instruction in parent testimonials', 'Built-for-new-campus rollout with dedicated playground and new facility']","['New campus with no established local operations history or review base', 'Admissions appears to rely on a short inquiry form and info sessions, suggesting room for more structured pipeline management', 'Likely needs coordinated parent communication for mixed-age cohorts, calendars, updates, and after-school programming', 'High-growth multi-campus rollout can create operational complexity across enrollment, classrooms, and staff coordination']","Primer Potranco looks like a strong fit for microschool operations software because it is a private K–8 microschool campus entering launch mode, with small cohorts, mixed ages, rolling admissions, parent communication needs, and multi-campus growth pressure. A system for enrollment, family communication, class management, scheduling, and staff support would likely help them standardize operations as they scale.",5,High,"[Primer Potranco](https://primer.com/schools/potranco-tx), [Primer Admissions](https://primer.com/admissions), [San Antonio Report](https://sanantonioreport.org/florida-based-primer-microschools-new-texas-education-freedom-accounts/), [Instagram](https://www.instagram.com/withprimer/), [Facebook](https://www.facebook.com/WithPrimer/), [GreatSchools](https://www.greatschools.org/texas/san-antonio/27415-Primer---Potranco/), [Primer Microschools on Niche](https://www.niche.com/k12/x/primer-microschools/)"
"Acton Academy Houston Heights, Houston TX",Acton Academy Houston Heights,Texas,[Acton Academy Houston Heights](https://actonheights.com),"1245 Heights Boulevard, Houston, TX 77008",Private microschool / independent Acton affiliate campus,"Acton/Apogee/Primer-style learner-driven affiliate network campus; project-based, mixed-age, Montessori-influenced with Socratic method and self-paced mastery",Elementary Studio; typically ages 5–11,Not publicly stated; appears small microschool-scale,"2025–26 tuition is $20,000 plus a $1,000 registration/supply fee; operates Monday–Friday 8:00 a.m.–3:00 p.m., nine months a year with roughly six-week sessions and breaks, primarily following the HISD calendar",[],"Public review volume is light. Official materials are strong and detailed, but there are few campus-specific reviews; broader Acton network discussion online is mixed, with some families praising independence and others noting inconsistency and communication challenges. Employer reviews for Acton Academy as a network are mediocre, but they are not campus-specific.","['Clear learner-driven model with defined studio structure', 'Published tuition, calendar, and age range information', 'Uses SMART goals, portfolios, and MAP Growth assessments', 'Appears aligned with independent families seeking alternative education', 'Small-school environment likely supports high-touch relationships']","['No obvious public enrollment count or operational scale data', 'No confirmed active social profiles found in this search', 'Website feels somewhat lightweight for a school with complex enrollment and family communication needs', 'Acton model can create fragmented expectations across affiliates, increasing coordination burden', 'Likely benefits from stronger parent communication, calendar, progress-tracking, and enrollment workflows']","This is a strong fit for microschool operations software because it is a small, independent learner-driven campus with frequent family communication needs, session-based scheduling, mastery tracking, portfolios, exhibitions, and likely high-touch enrollment and retention workflows. The model appears operationally complex enough that software for updates, calendars, class management, and parent communication would be valuable.",4,High,"[Acton Academy Houston Heights homepage](https://actonheights.com), [Acton Academy Houston Heights FAQs](https://actonheights.com/faqs/), [Acton Academy network campus list](https://actonacademy.org/find/), [Acton Academy Houston Heights contact page](https://actonheights.com/contact-us/), [Acton Academy network overview](https://actonacademy.org), [Acton Academy reviews discussion on Reddit](https://www.reddit.com/r/Teachers/comments/1ajn7f8/a_ton_academy_an_effective_private_school/), [Indeed Acton Academy reviews](https://www.indeed.com/cmp/Acton-Academy/reviews?fcountry=ALL)"
"Primer Microschools Live Oak, San Antonio TX",Primer Microschools – Live Oak,Texas,[Primer Live Oak](https://primer.com/schools/live-oak-tx),"13250 Judson Rd, San Antonio, TX 78233",Private microschool / private school network campus,"Teacher-led, K–8 micro school with small mixed-age classrooms, foundations-first academics, and project-based 'Pursuits'; described by Primer as a modern one-room schoolhouse and a close-knit learning environment.",K–8,"Likely small campus; Primer says its campuses have about 3–6 mixed-age classrooms, but no campus enrollment number was published for Live Oak.","Tuition is marketed as free for Texas families using Texas Education Freedom Accounts (TEFA); Primer also says tuition, books, and computers are covered for scholarship families, with a small after-school program cost. School is planned to open August 2026 and admissions are open / rolling.","['[Instagram](https://www.instagram.com/withprimer/)', '[LinkedIn](https://www.linkedin.com/company/primerschools)', '[Facebook](https://www.facebook.com/WithPrimer/)']","Primer appears to have generally positive parent sentiment on review platforms and social media, with GreatSchools listings for the San Antonio campuses and favorable reviews on other Primer campuses on Niche, though direct Live Oak reviews were not yet visible. Local reporting also portrays strong family interest and active recruiting ahead of launch.","['Clear microschool positioning with mixed-age, teacher-led classrooms', 'Strong branding around fundamentals-first academics and small, caring environments', 'Built for enrollment growth across multiple campuses and scholarship-funded accessibility', 'Rolling admissions and community-facing info sessions suggest active family demand']","['New campus not yet open, so operational maturity is unproven locally', 'No public enrollment count, schedule detail, or tuition breakdown for non-scholarship families', ""Website shows some reuse/misalignment in copy (e.g., 'Scottsdale campus' wording on Live Oak page), suggesting content-management friction"", 'Likely needs strong systems for multi-campus communication, enrollment, schedules, and parent updates as it scales']","Primer looks like a strong fit for microschool operations software because it is a small, growing private microschool network with mixed-age cohorts, rolling enrollment, scholarship handling, parent communication needs, and multiple campuses opening at once. If they are still standardizing launch operations across new Texas campuses, software could help unify admissions, calendars, class management, teacher workflows, and family communication.",4,High that this is a private microschool / network campus; medium on exact size because enrollment is not public yet.,"[Primer Live Oak](https://primer.com/schools/live-oak-tx), [Primer homepage](https://primer.com), [San Antonio Report](https://sanantonioreport.org/florida-based-primer-microschools-new-texas-education-freedom-accounts/), [Primer on LinkedIn](https://www.linkedin.com/company/primerschools), [Primer on Instagram](https://www.instagram.com/withprimer/), [Primer on Facebook](https://www.facebook.com/WithPrimer/), [GreatSchools Live Oak listing](https://www.greatschools.org/texas/san-antonio/27413-Primer---Live-Oak/), [GreatSchools Potranco listing](https://www.greatschools.org/texas/san-antonio/27415-Primer---Potranco/), [Eventbrite Live Oak info session](https://www.eventbrite.com/e/primer-san-antonio-live-oak-info-session-tickets-1979337298141)"
"Cosmic Roots Nature School, Georgetown TX",Cosmic Roots Nature School,Texas,[Cosmic Roots Nature School](https://www.cosmicrootsgeorgetown.org),"Georgetown, Texas; site also lists 75 CR 152, Georgetown in later reporting",Private microschool / nature school,"Nature-based, Montessori/Reggio/Waldorf-inspired private microschool with hybrid high school dual-credit option","Ages 3-15; pre-K through 8th grade, with 9th grade planned/announced",About 55 students per 2025 reporting,"Mon-Thu, 9:00am-3:00pm; aftercare 3:00pm-6:00pm. Tuition varies by program: elementary listed at $850/month and high school dual-credit hybrid at $785/month; official site says tuition varies by program and age group.",['No clearly verified social profiles found in the collected sources.'],Public reputation evidence is limited. Wonderschool shows a verified listing with parent reviews but the accessible fetch did not expose individual review text; Community Impact reported the school as an operating Georgetown microschool in 2025 and later reported it would close after the 2025-26 school year.,"['Clear nature-based and experiential positioning', 'Broad age range and program ladder from primary through adolescence/high school', 'Hands-on curriculum with outdoor learning, project-based learning, and enrichment', 'High school dual-credit pathway and personalized learning', 'Enrollment flow already uses ProCare for payments, forms, and handbook access']","['School appears to be closing after 2025-26, which sharply reduces sales priority', 'Website relies on inquiry form and multi-step admissions flow, suggesting administrative coordination overhead', 'Likely fragmented family communication across forms, handbook, calendars, tuition, and enrollment tools', 'Nature/outdoor program likely has scheduling complexity for camps, aftercare, and special programs', 'No clearly visible social presence or robust public review footprint found in the sources reviewed']","Before the planned closure, Cosmic Roots looked like a strong fit for microschool operations software because it is a small private nature school with multiple age bands, recurring calendar changes, aftercare, enrichment, tuition collection, and admissions paperwork. However, the 2026 closure announcement makes it a low-priority prospect now unless the buyer is specifically tracking similar successor programs or the school continues under a new entity.",1,"High on school model, location, tuition cadence, and closure status; medium on exact current size and social presence because public evidence is limited.","[Cosmic Roots official site](https://www.cosmicrootsgeorgetown.org), [Cosmic Roots FAQ](https://www.cosmicrootsgeorgetown.org/faq), [Cosmic Roots elementary page](https://www.cosmicrootsgeorgetown.org/elementary), [Cosmic Roots high school dual-credit page](https://www.cosmicrootsgeorgetown.org/highschooldualcreditprogram14-16), [Cosmic Roots admissions process](https://www.cosmicrootsgeorgetown.org/admissions-process), [Wonderschool listing](https://www.wonderschool.com/tx/georgetown/cosmic-roots-nature-school-19302), [Community Impact: 2025 Georgetown school guide](https://communityimpact.com/austin/georgetown/education/2025/02/18/14-private-charter-school-options-for-georgetown-area-students/), [Community Impact closure report](https://communityimpact.com/austin/georgetown/education/2026/04/16/cosmic-roots-nature-school-to-close-after-2025-26-school-year/)"
"Primer Microschools University Heights, San Antonio TX",Primer Microschools - University Heights,Texas,"[Primer University Heights](https://primer.com/schools/university-heights-tx), [Primer Texas Announcement](https://primer.com/news/texas-announcement)","6506 W Hausman Rd, San Antonio, TX 78249",Private microschool network campus,"Teacher-led, mixed-age K-8 microschool; one-room-schoolhouse-inspired, with core instruction plus project-based learning blocks; part of the Primer network",K-8,"Not publicly stated for University Heights; Primer says each campus has about three to six mixed-age classrooms, and the broader network has about 48 schools across roughly 20 locations","Opening August 2026; tuition is free for Texas families via Texas Education Freedom Accounts, with no out-of-pocket tuition per Primer; after-school programming may have a small cost; rolling enrollment/open admissions","['[Primer on Facebook](https://www.facebook.com/WithPrimer/)', '[Primer on Instagram](https://www.instagram.com/withprimer/)', '[Primer Eventbrite](https://www.eventbrite.com/o/primer-microschools-78007032453)']","University Heights-specific public reviews were not found, but official and reporting sources describe strong parent interest and a positive family-oriented model. Reviews from other Primer campuses on Niche are largely positive, including praise for welcoming culture, adaptive curriculum, small classes, and the Primer parent portal/communication.","['Clear niche: small, teacher-led K-8 microschool model', 'Strong parent-facing brand around personalized learning and community', 'Rolling enrollment and multiple San Antonio campuses suggest growth potential', 'Likely attractive to voucher-eligible families and homeschool-adjacent parents', 'Mixed-age structure can support individualized pacing and teacher attention']","['Campus is not yet open, so operations will be in build-out mode', 'Likely needs heavy enrollment, scheduling, and family communication coordination across multiple campuses', 'Scholarship/voucher administration may create administrative complexity', 'Mixed-age classroom management and after-school coordination can be operationally demanding', 'Public online footprint appears early-stage for the new San Antonio campus']","Primer looks like a strong fit for microschool operations software because it is a private, multi-campus, enrollment-driven K-8 microschool network launching new campuses in San Antonio. A platform that centralizes parent communication, enrollment, calendars, class management, teacher support, and updates would likely help reduce manual coordination as the campus opens and scales.",5,High,"[Primer University Heights](https://primer.com/schools/university-heights-tx), [Primer Texas Announcement](https://primer.com/news/texas-announcement), [Primer Company](https://primer.com/company), [San Antonio Report](https://sanantonioreport.org/florida-based-primer-microschools-new-texas-education-freedom-accounts/), [Niche Primer Fort Lauderdale reviews](https://www.niche.com/k12/primer-microschools-fort-lauderdale-fort-lauderdale-fl/), [Primer Facebook](https://www.facebook.com/WithPrimer/), [Primer Instagram](https://www.instagram.com/withprimer/), [Primer Eventbrite](https://www.eventbrite.com/o/primer-microschools-78007032453)"
"Acton Academy Northwest Austin, Austin TX",Acton Academy Northwest Austin,Texas,[Acton Academy Northwest Austin](https://www.actonacademynwaustin.org),"8508 White Cliff Drive, Austin, TX 78759, United States",Private microschool / Acton network campus,"Independent Acton Academy campus; learner-driven, private, network-affiliated microschool using the Hero Journey philosophy","Serving ages 4-12; page references K-12 style content in third-party listings, but the official site explicitly says ages 4-12","Likely very small; Niche lists 22 students, but that estimate should be treated as third-party and may be outdated",No tuition published on the official site; schedule details are limited to admissions touchpoints like a 20-minute call and 30-minute Pop-In Tour,['[Instagram](https://www.instagram.com/actonacademy_nwaustin/)'],"Third-party listings present it as a private school; Niche says there are no reviews yet for this campus, while broader Acton-related search results include mixed discussion and older Yelp/GreatSchools references for other Austin Acton campuses, so reputation evidence is limited and somewhat noisy.","['Clear learner-driven positioning', 'Strong mission and parent-facing messaging', 'Simple admissions funnel with info kit, call, and tour', 'Official network listing confirms campus identity and address']","['No tuition published publicly', 'No clear daily schedule or calendar details on the site', 'Limited public review volume for this exact campus', 'Website leans on marketing copy rather than operational specifics', 'Likely manual inquiry/admissions flow with info kit, call, tour, and application']","This looks like a strong fit for microschool operations software because it is a small, private, Acton network campus serving young learners with a likely high-touch family communication and admissions workflow. Software for enrollment, parent updates, class coordination, calendars, teacher support, and growth management would likely help streamline operations as the campus scales.",4,Medium-high,"[Official campus page](https://actonacademy.org/campuses/acton-academy-northwest-austin/), [Official school website](https://www.actonacademynwaustin.org), [Niche profile](https://www.niche.com/k12/acton-academy-northwest-austin-austin-tx/), [Instagram profile](https://www.instagram.com/actonacademy_nwaustin/), [Yelp listing](https://www.yelp.com/biz/acton-academy-austin)"
"Masterpiece Academy Acton Academy, Pearland TX",Masterpiece: An Acton Academy,Texas,[Masterpiece Academy](https://www.masterpieceacademy.org),"Pearland, TX; serving the Houston, Alvin, Rosharon, Manvel, and Friendswood areas ([Masterpiece Academy](https://www.masterpieceacademy.org))",Private microschool / Acton Academy affiliate,"Acton Academy-style learner-driven microschool; Montessori-inspired, Socratic, hands-on, faith-based, mixed-age, independent affiliate network school ([Masterpiece Academy](https://www.masterpieceacademy.org), [FAQ](https://www.masterpieceacademy.org/faq.html))","Current learners ages 4–11 (Pre-K 4 to 5th grade); future expansion planned for ages 11–18 ([FAQ](https://www.masterpieceacademy.org/faq.html), [Studios](https://www.masterpieceacademy.org/our-studios.html))","Small school / intimate community; no public enrollment count found ([About us](https://www.masterpieceacademy.org/about-us.html), [Masterpiece Academy](https://www.masterpieceacademy.org))","Tuition not publicly stated on the pages reviewed; school runs a ten-month calendar, August to May ([FAQ](https://www.masterpieceacademy.org/faq.html))",['No clear official social profiles were confirmed in the search results reviewed.'],"Public reputation evidence is mostly positive and self-published testimonials on the school site; the school is also listed by Brazoria County among private schools and referenced as an Acton Academy near Pearland ([Masterpiece Academy](https://www.masterpieceacademy.org), [Brazoria County private schools](https://www.brazoriacountytx.gov/how-do-i/community/private-schools), [Acton Academy directory](https://actonacademy.org/find/)).","['Clear Acton-style learner-driven positioning', 'Mixed-age, self-paced elementary program', 'Faith-based identity and community focus', 'Hands-on projects plus online adaptive learning', 'Parent-friendly microschool framing with small-school feel']","['Public website does not show tuition, admissions steps, or a detailed daily schedule', 'No verified student count or capacity published', 'Current web presence appears light on external review coverage', 'School is not yet serving the older studios it advertises as future plans', 'Likely relies on parent communication, enrollment follow-up, and studio scheduling that could become fragmented as it grows']","This looks like a strong fit for microschool operations software: it is an Acton-style private microschool in the target market, small and growing, with mixed-age studios, parent partnership, calendar-based operations, and likely needs around communication, enrollment, class/studio management, updates, and growth workflows.",4,Medium-high,"[Masterpiece Academy home](https://www.masterpieceacademy.org), [About us](https://www.masterpieceacademy.org/about-us.html), [Studios](https://www.masterpieceacademy.org/our-studios.html), [FAQ](https://www.masterpieceacademy.org/faq.html), [Acton Academy directory](https://actonacademy.org/find/), [Brazoria County private schools](https://www.brazoriacountytx.gov/how-do-i/community/private-schools), [Cato feature on Masterpiece Academy](https://www.cato.org/blog/friday-feature-masterpiece-academy)"
"Brazos Valley Honor Academy, Navasota TX",Brazos Valley Honor Academy,Texas,[Brazos Valley Honor Academy](https://mybvha.com),"304 Frazier Street, Navasota, Texas 77868",Private homeschool/private-school hybrid,"Homeschool/private school hybrid environment; Christian-based, parent-partnered, multi-day campus program",Kindergarten through 7th grade,"Not publicly stated; appears small, likely under 100 students based on hybrid-school scale and limited campus footprint, but no official enrollment number found","K-7 core classes are $475/month (September-May), plus a $100 enrollment/assessment fee and $350 curriculum/technology/campus supply fee; classes meet Tuesday-Thursday from 8:30am-3:30pm, with payments due the first Tuesday of each month",['[YouTube: HonorAcademy](https://www.youtube.com/user/HonorAcademy)'],"No strong third-party review footprint found in the search results. The school appears on a Houston-area homeschool resource list as a hybrid school, which supports legitimacy but is not a review. Official site activity and event posts suggest it is active in 2025.","['Clear positioning as a Christian homeschool/private-school hybrid', 'Tuition and schedule are publicly stated, which reduces buyer friction', 'Serves a defined K-7 segment with core academics and Bible', 'Has active events/fundraiser updates, suggesting ongoing community engagement']","['Website is minimal and appears somewhat template-like, with limited information depth', 'No public enrollment size, staff directory, or detailed program calendar found', 'No clear social media presence surfaced beyond a YouTube result tied to a generic Honor Academy name', 'Likely relies on manual parent communication, enrollment, scheduling, and fee collection processes', 'Limited grade span may constrain growth without stronger operational systems']","This looks like a strong fit for microschool operations software because it is a small, parent-partnered hybrid campus with set weekly attendance, tuition collection, family communication, and class coordination needs. The school likely benefits from streamlined enrollment, calendars, messaging, class management, and parent updates.",4,"Medium-high. Official site evidence is strong for model, location, grades, tuition, and schedule; weaker on size and third-party reputation evidence.","[Brazos Valley Honor Academy home](https://mybvha.com), [About Us](https://mybvha.com/about-us-1), [Tuition](https://mybvha.com/tuition), [Contact Us](https://mybvha.com/contact-us), [Events](https://mybvha.com/events), [Greater Houston Moms](https://greaterhoustonmoms.com/nine-unconventional-schools-houston/), [Web search results](https://mybvha.com)"
"Deep Waters Academy, Clear Lake TX",Deep Waters Academy,Texas,[Deep Waters Academy](https://www.deepwatersacademy.org),"Clear Lake area / Webster, TX 77598 (physical address listed on site: 670 E Medical Center Blvd, Webster, TX 77598; mailing address: P.O. Box #591515, Houston, TX 77259)",Private Christian school,University-Model® hybrid school; classical Christian; parent-partnered homeschool/private-school blend,K-10 currently admitted on admissions page; homepage says K-9 and adds a grade level each year,"Small to mid-sized, likely under 100 students; exact enrollment not publicly stated",Tuition not publicly stated. School meets on Mondays and Wednesdays from 8:30am-3:30pm; students homeschool with a parent co-teacher on other days; annual application fee $100 (rises to $200 after May 1),"['[Facebook](https://www.facebook.com/DeepWatersAcademy)', '[LinkedIn](https://www.linkedin.com/company/deep-waters-academy)', '[YouTube](https://www.youtube.com/watch?v=-KAdmvBlJp8)']","Public reputation evidence is mostly testimonial-based rather than third-party reviews. The website features parent testimonials praising the school’s community, teacher partnership, and support during home days. I did not find strong independent review coverage or major reputation issues in the available sources.","['Clear hybrid University-Model structure with explicit parent partnership', 'Christian/classical identity and mission are clearly articulated', 'Admissions process is organized and detailed', 'Published meeting times, tours, and orientation steps help prospective families']","['Tuition is not public, which may indicate opaque pricing or require manual inquiry', 'Website appears content-rich but likely still manual in admissions and communication workflows (newsletter, information meetings, family interviews, fees, handbook, orientation)', 'No clearly visible modern enrollment portal, calendar system, or parent app on public pages', 'Social presence appears limited and not strongly prominent beyond a few profiles', 'Public third-party reviews are sparse, making reputation harder to verify']","Deep Waters Academy looks like a strong fit for microschool/hybrid operations software because it runs a parent-partnered hybrid schedule, has structured admissions and orientation steps, likely manages family communication and class coordination manually, and serves a small growing population where enrollment, calendars, updates, and class management would benefit from a single system.",4,Medium-high,"[Deep Waters Academy Home](https://www.deepwatersacademy.org), [About DWA](https://www.deepwatersacademy.org/aboutus), [Admissions Process](https://www.deepwatersacademy.org/admissions), [Frequently Asked Questions](https://www.deepwatersacademy.org/frequently-asked-questions), [Information Meetings](https://www.deepwatersacademy.org/information-meetings), [Contact Us](https://www.deepwatersacademy.org/contact-us), [The University Model](https://www.deepwatersacademy.org/the-university-model), [LinkedIn company page](https://www.linkedin.com/company/deep-waters-academy), [YouTube video](https://www.youtube.com/watch?v=-KAdmvBlJp8)"
"Bluebonnet Home Scholars Collaborative, Sugar Land TX",Bluebonnet Home Scholars Collaborative,Texas,[Bluebonnet Home Scholars Collaborative](https://www.bluebonnetscholars.org),"Sugar Land, TX / greater Houston area; the site also references Richmond, TX for the nonprofit charity listing",Homeschool enrichment / group class community (not a school),Christian liberal arts homeschool support program; group class community; parent-partnership model; a-la-carte classes plus full-program options; drop-off style for many classes with required parent participation,"K–12 overall; specific programs include Form I (K–3), Form II (4–6), Form III (7–9), Form IV (10–12), plus youth/children’s choir and musical theater for roughly ages 7–18","Small-to-mid sized, exact enrollment not public; appears to have multiple forms, staff pages, and a full course catalog, suggesting a multi-family program rather than a single-class co-op","Classes typically meet 31 weeks per year, primarily Tuesdays and Fridays with some Thursdays; many classes meet once weekly, others twice weekly. Tuition is not broadly listed on the main pages; some classes are tuition-free, with example fees such as a $94 Algebra II pre-printed packet and a $395/year volunteer buy-out fee","['[X / Twitter](https://x.com/bluebonnethome)', '[LinkedIn](https://www.linkedin.com/company/bluebonnet-scholars)', '[Facebook mention in site search results](https://www.facebook.com/groups/bluebonnetlearning/posts/1879980595898764/)']","Public reputation evidence is limited. Official pages and third-party listings consistently describe BHSC as a homeschool enrichment community, not a school. A LinkedIn profile and a YouTube intro video support that it is active and established. I did not find meaningful independent review volume in the search results; no strong positive or negative review pattern surfaced.","['Clear niche serving Christian homeschool families', 'Offers a broad K–12 academic and enrichment catalog', 'Has structured class forms, calendar, placement testing, and a dual-enrollment pathway', 'Uses professional teachers and explicit parent-support expectations', 'Runs an established multi-year program with weekly in-person cadence']","['Website/content appears somewhat complex and multi-page, which may create admin overhead', 'Enrollment depends on placement tests, auditions, waitlists, volunteer scheduling, and parent participation rules', 'Communication is likely split across website, Google Classroom, and social channels', 'Tuition is not transparently centralized on the main site, and some pricing is hidden or course-specific', 'The organization explicitly says it is not a school, so it may have less need for full SIS features than a private microschool']","BHSC looks like a strong fit for software that handles parent communication, class schedules, enrollment, placements, waitlists, teacher coordination, calendars, and family-level updates. Even though it is not a traditional microschool, it operates enough like a multi-family learning center with recurring classes and parent involvement to benefit from lightweight operations software.",4,High on model classification and operational fit; medium on size because public enrollment numbers are not listed.,"[Official website](https://www.bluebonnetscholars.org), [About page](https://www.bluebonnetscholars.org/about/), [Class offerings](https://www.bluebonnetscholars.org/class-offerings/), [Administrative page](https://www.bluebonnetscholars.org/staff_group/administrative/), [FAQ](https://www.bluebonnetscholars.org/frequently-asked-questions/), [LinkedIn company page](https://www.linkedin.com/company/bluebonnet-scholars), [YouTube introduction](https://www.youtube.com/watch?v=lZquZnAp6Ys), [GoFundMe charity listing](https://www.gofundme.com/charity/bluebonnet-home-scholars-collaborative), [ProPublica Nonprofit Explorer](https://projects.propublica.org/nonprofits/organizations/843352761)"
"Luff Learning, Spring TX",Luff Learning Fine Arts Academy,Texas,[Luff Learning Fine Arts Academy](https://lufflearning.org),"Plymouth United Church, UCC, 5927 Louetta Rd, Spring, TX, USA",Private school / educational company,"Hybrid homeschool-style private school with a fine arts focus; arts-integrated instruction, tutoring options, and part-time program blocks rather than a traditional full-day campus model.",Ages 5-12 for Creative Cloudlets’ Curriculum; ages 12-18 for Artistic Evolution Program; Fine Arts Friday typically ages 12+ (younger students may audition).,"Small / likely microschool-sized; exact enrollment not published. Website notes a waitlist for Fine Arts Friday, suggesting limited capacity.","Tuition not published. Schedule: CCC Mondays and Wednesdays 9:30 am-2:30 pm; AEP Tuesdays, Thursdays, and Fridays 9:30 am-2:30 pm; Fine Arts Friday Fridays 9:30 am-2:30 pm. Year-round with seasonal breaks per directory listing.",['[LinkedIn: Sarah Mau](https://www.linkedin.com/in/sarah-mau-b8426040)'],"Online evidence is mostly directory-style and directory/review-adjacent mentions rather than large volumes of parent reviews. The Homeschool Mom lists it as a private hybrid school in Spring, TX, and a Houston list of unconventional schools includes Luff Learning as a nontraditional option. No strong negative reputation signals surfaced, but public review depth appears limited.","['Clear arts-integrated identity and niche positioning.', 'Offers structured hybrid schedules for multiple age bands.', 'Shows attention to social-emotional learning and support for special needs students.', 'Appears to have enough demand to maintain a waitlist for at least one offering.']","['Tuition is not posted publicly.', 'Enrollment/application process is not clearly explained online.', 'Limited size/capacity may create waitlist and scheduling complexity.', 'Website appears marketing-forward but light on operational details like calendar, student portal, and parent workflows.', 'Public reputation evidence is thin, so trust-building may rely heavily on direct outreach and word of mouth.']","This looks like a strong fit for microschool operations software: it is a small, nontraditional private learning center with hybrid schedules, multiple program tracks, likely manual parent communication needs, and possible waitlist/enrollment coordination challenges. The software could help manage schedules, class rosters, family communication, updates, and growth without needing a full SIS.",4,"Medium-high. The site clearly shows a nontraditional private/hybrid model in Spring, TX, but public data on tuition, enrollment, and scale is limited.","[Official website](https://lufflearning.org), [Programs page](https://lufflearning.org/programs/), [About page](https://lufflearning.org/about/), [The Homeschool Mom directory](https://www.thehomeschoolmom.com/local/luff-learning-fine-arts-academy/), [Greater Houston Moms list](https://greaterhoustonmoms.com/nine-unconventional-schools-houston/), [LinkedIn profile for Sarah Mau](https://www.linkedin.com/in/sarah-mau-b8426040)"
"Heart of Christ Academy, Cypress TX",Heart of Christ Academy,Texas,[Niche profile](https://www.niche.com/k12/heart-of-christ-academy-cypress-tx/),"Cypress, TX; 14207 Telge Road, Cypress, TX 77429",Private Christian school / university-model hybrid homeschool program,Hybrid homeschool / university-model school with 2 days on campus and 3 days at home; appears to function as a microschool-style Christian learning center rather than a conventional brick-and-mortar private school,"Pre-K through 8th grade per Community Impact; Niche lists PK–12, and the site also shows a separate Heart High program for 9th–10th grade",About 43-46 students based on Community Impact and Niche; Niche also shows a 9:1 student-teacher ratio,"Tuition listed by Community Impact as $4,000 (K-4) and $4,500 (5-8) annually; Heart Christian Academy describes a 2 days on campus + 3 days at home schedule",['[Instagram](https://www.instagram.com/heartofchristacademy/)'],"Niche shows no reviews yet on the school profile, while Community Impact lists the school among Cy-Fair private schools with 43 students and tuition details; Instagram activity suggests an active community presence, but independent review volume appears very limited","['Clear hybrid/university-model identity', 'Strong parent-partnership and family support language', 'Offers structured core classes plus home-day syllabi and administrative support', 'Active social media with frequent posts and community events', 'Christian mission and small-school community feel']","['Website/domain mismatch and branding confusion: Heart of Christ Academy appears to point to the Heart Christian Academy domain rather than a dedicated local site', 'Limited public information on enrollment, admissions, and day-to-day operations', 'Likely manual family coordination for re-enrollment, open houses, transcripts, and record keeping', 'Small staff / small-school operation may be relying on multiple systems or informal processes', 'Public review footprint is thin, so trust-building and inquiry management may be fragmented']","This looks like a strong fit for microschool operations software because it is a small, hybrid Christian program with parent communication, enrollment, calendars, teacher support, and family workflow needs, and it is already describing itself as a partnership model with at-home learning, open houses, re-enrollment, and transcript/record-keeping support.",4,Medium-high,"[Heart Christian Academy homepage](https://www.heartchristianacademy.org), [Heart High page](https://www.heartchristianacademy.org/heart-high.html), [Heart Christian Academy tuition page](https://www.heartchristianacademy.org/tuition.html), [Heart of Christ Academy Niche profile](https://www.niche.com/k12/heart-of-christ-academy-cypress-tx/), [Community Impact Cy-Fair private schools](https://communityimpact.com/houston/cypress/events/2025/09/17/see-which-private-schools-are-serving-the-cy-fair-community-in-2025/), [Heart of Christ Academy Instagram](https://www.instagram.com/heartofchristacademy/), [Artsonia school page](https://www.artsonia.com/schools/school.asp?id=193923)"
"Forest Path Academy, Friendswood TX",Forest Path Academy (now Meadow Creek Academy),Texas,"[Meadow Creek Academy](https://www.meadowcreekacademy.com), [Former Forest Path Academy site](https://www.forestpathacademy.com)","713 Moore Rd, Alvin, TX 77511, USA (Friendswood-area / southeast Houston suburbs)",Private homeschool program / hybrid private school,"Homeschool-inspired hybrid school with small classes, STEAM Mondays, 3-day academic, and 4-day complete options; nature-based and hands-on learning emphasis",Preschool through 12th grade; K–12 pricing listed,Small; exact enrollment not published. The site says spots are limited and uses small-class language.,"2025-2026 tuition: STEAM Mondays $1,955/year, 3-Day Academic $5,450/year, 4-Day Complete $6,395/year; Mon–Thu schedules plus electives. Enrollment opens March 30, 2026.","['[Facebook](https://www.facebook.com/MeadowCreekAcademy/)', '[LinkedIn mentions for Forest Path Academy staff](https://www.linkedin.com/in/sarah-hames-6b04017a)']","Reputation evidence is limited online. Meadow Creek Academy’s Facebook page shows only 1 review in the search snippet and is not yet broadly reviewed; no strong third-party review footprint surfaced. The old Forest Path Academy site also indicates a transition to a new name, which suggests the brand is in changeover.","['Flexible hybrid schedule options', 'Small-class, personalized learning', 'Clear tuition and program structure', 'Hands-on STEAM and elective offerings', 'Family-friendly homeschool positioning']","['Brand transition from Forest Path Academy to Meadow Creek Academy may confuse families', 'Website/content appears to be in transition and partially outdated', 'Enrollment seems manual and capacity-limited with applications reviewed in order', 'No strong online reputation management footprint', 'Likely needs better parent communication around schedules, electives, and transitions', 'Facility facelift / upgrade suggests operational change and possible disruption']","This looks like a strong fit for microschool operations software because it runs multiple schedule models, limits spots, manages families across K–12, and likely needs enrollment workflows, calendar coordination, parent updates, class management, and teacher support in one place.",4,"Medium-high. The evidence strongly suggests Forest Path Academy has transitioned into Meadow Creek Academy, which is still a relevant small private homeschool/hybrid program in Texas, but some details are inferred from the successor site and public profiles rather than a fully maintained legacy site.","[Meadow Creek Academy home](https://www.meadowcreekacademy.com), [Meadow Creek Academy admissions](https://www.meadowcreekacademy.com/admissions), [Forest Path Academy legacy site](https://www.forestpathacademy.com), [Facebook page](https://www.facebook.com/MeadowCreekAcademy/), [LinkedIn profile for Forest Path Academy](https://www.linkedin.com/in/sarah-hames-6b04017a), [Houston-area homeschool classes listing](https://houston.areahomeschoolclasses.com/group_classes/meadow-creek-academy/), [Greater Houston Moms mention](https://greaterhoustonmoms.com/nine-unconventional-schools-houston/)"
"Rise Hybrid Private Academy, Texas",RISE Hybrid Private Academy,Maryland,[RISE Hybrid Private Academy](https://www.risehybridacademy.com),"Olney, Maryland; headquarters/administration office listed in Fredericksburg, Virginia; Texas administrative office in Beaumont, Texas",Private hybrid academy,"Hybrid private school with personalized, individualized, online-plus-in-person learning; not clearly a homeschool co-op, but has hybrid learning-site structure and serves students nationwide","K–12 (Lower School K–5, Middle School 6–8, High School 9–12)","Small-to-mid sized; Private School Review lists average class size of 6 and campus size of 1, but total enrollment is not stated","Approx. $20,000/year online model, $22,000/year in-person model, $600 summer tuition; 2025–26 first day Sep. 2, 2025 and last day Jun. 19, 2026; rolling admissions","['No official social profiles were clearly surfaced in the sources reviewed', 'YouTube mentions an Instagram account for a separate RISE Academy, but it is not clearly the same school']","Public reputation evidence is limited but generally positive. Private School Review says the school is fully accredited, ranks in the top 20% of private schools in Maryland for advanced-degrees faculty, and notes a 100% college acceptance rate and 80% faculty with advanced degrees. Niche pages exist, but the search results do not provide enough detail here to treat them as strong independent evidence.","['Strong personalization and hybrid delivery', 'Clear K–12 offering with admissions and tuition pages', 'Rolling admissions and FACTS-based application process', 'College-prep positioning with advanced academics', 'Support for flexibility, enrichment, and individualized attention']","['Website appears to have multiple locations and administrative addresses that may confuse families', 'Enrollment appears to rely on FACTS and likely manual coordination across online/in-person options', 'No clear public tuition or schedule details on the main homepage', 'Limited visible social media presence in the sources reviewed', 'Likely needs strong communication, calendar, and family coordination across hybrid programs and multiple sites']","This looks like a real fit for microschool/hybrid operations software because it is a small hybrid private academy with K–12 students, rolling enrollment, multiple locations, and a personalized model that likely benefits from centralized parent communication, enrollment workflows, class management, calendars, and student progress tracking. It is not a public/charter school and appears relevant to the target market, though it is more of a hybrid private academy than a tiny microschool.",4,Medium-high,"[RISE Hybrid Private Academy homepage](https://www.risehybridacademy.com), [Campuses and Access](https://www.risehybridacademy.com/learning-sites), [Admissions](https://www.risehybridacademy.com/admissions), [Contact RISE Hybrid Private Academy](https://www.risehybridacademy.com/contact-us), [Applications](https://www.risehybridacademy.com/applications), [Private School Review profile](https://www.privateschoolreview.com/rise-hybrid-private-academy-profile), [Niche review/profile search result](https://www.niche.com/k12/rise-hybrid-private-academy-fredericksburg-va/), [Niche reviews search result](https://www.niche.com/k12/rise-hybrid-private-academy-fredericksburg-va/reviews/), [Texas administrative office listing on official site](https://www.risehybridacademy.com/applications)"
"Ellemercito Academy, Downey CA",Ellemercito Academy / Ellemercito Learning Community,California,[Ellemercito Learning Community](https://ellemercito.org),"Downey, CA; site content also references nearby service areas and one directory listing shows 10544 Downey Ave, Downey, CA 90241 ([Ellemercito Learning Community](https://ellemercito.org), [Special Needs USA directory](https://specialneedsusa.com/states/california/downey/ellemercito-academy))",Private microschool / hybrid homeschool program,"Independent microschool with a hybrid homeschool model; project-based, place-based, trauma-informed, experiential, and learner-centered, with mixed-age or flexible-grade instruction and some blended/home-learning days ([Ellemercito Learning Community](https://ellemercito.org))","K-12 on directory/profile sources; site also advertises summer camp for ages 5+ and pages mention elementary, middle, and high school learners ([Getting Smart](https://www.gettingsmart.com/school/ellemercito-academy/), [Special Needs USA directory](https://specialneedsusa.com/states/california/downey/ellemercito-academy), [Ellemercito Learning Community](https://ellemercito.org))","Small; Getting Smart lists 20 students served, while a founder interview referenced close to 50 students at that time ([Getting Smart](https://www.gettingsmart.com/school/ellemercito-academy/), [YouTube interview](https://www.youtube.com/watch?v=P-Dh6foHTtQ))","Tuition options listed as $100/week for 1 day, $200/week for 2 days, and $300/week for 3 days; community membership is $190/month for 2 hours weekly / 8 hours monthly; core schedule is generally Mon-Wed 8:15 AM–2:15 PM with some extended/home-learning and Thursday programming, plus Fridays often reserved for family/passion projects ([Ellemercito Learning Community](https://ellemercito.org), [Ellemercito private school page](https://ellemercito.org/school/private-school-huntington-park/))",['[YouTube](https://www.youtube.com/watch?v=P-Dh6foHTtQ)'],"No broad third-party review footprint surfaced in this search, but the official site includes extensive parent testimonials, and the school appears in third-party microschool directories and a founder interview; overall reputation signals are positive but still lightweight and mostly self-published ([Ellemercito Learning Community](https://ellemercito.org), [Getting Smart](https://www.gettingsmart.com/school/ellemercito-academy/), [Special Needs USA directory](https://specialneedsusa.com/states/california/downey/ellemercito-academy), [YouTube interview](https://www.youtube.com/watch?v=P-Dh6foHTtQ))","['Clearly serves a microschool/hybrid homeschool audience', 'Strong parent-facing messaging around personalization, trauma-informed support, and community', 'Offers flexible schedules, tutoring, field trips, and enrichment workshops', 'Has a compelling, mission-driven brand with testimonials and detailed program explanations']","['Website is content-heavy and may require significant manual upkeep across many pages/program variants', 'Enrollment, walkthroughs, intro packets, and parent communication appear spread across multiple pages/forms', 'Schedule, tuition, and program structure vary by page, suggesting operational complexity', 'No obvious robust public reviews beyond testimonials and niche directories', 'Likely small-team operations that could benefit from centralized calendars, enrollment, communication, and class management']","This looks like a strong fit for microschool operations software because it is a real private microschool/hybrid homeschool center with small scale, individualized learning plans, mixed schedules, enrichment programming, and parent-heavy communication needs. The school appears to manage multiple enrollment paths and hybrid offerings, which are exactly the kinds of workflows that benefit from a single platform for communication, schedules, class management, and family updates.",5,High,"[Ellemercito Learning Community](https://ellemercito.org), [Private School near Huntington Park](https://ellemercito.org/school/private-school-huntington-park/), [Hybrid Homeschool near Los Angeles](https://ellemercito.org/school/hybrid-homeschool-los-angeles/), [School near Downey](https://ellemercito.org/school/school-downey/), [School near East Los Angeles](https://ellemercito.org/school/school-east-los-angeles/), [Getting Smart profile](https://www.gettingsmart.com/school/ellemercito-academy/), [Special Needs USA directory](https://specialneedsusa.com/states/california/downey/ellemercito-academy), [YouTube interview](https://www.youtube.com/watch?v=P-Dh6foHTtQ)"
"True North The Woodlands, The Woodlands TX",True North Parent Partnership / True North Academy,Texas,[True North - Home](https://truenortheducation.weebly.com),"The Woodlands, TX (official site details not clearly posted; web result also lists 2219 Sawdust Road, Suite 103, The Woodlands, TX 77380 for a True North The Woodlands counseling practice that appears unrelated)",Private homeschool partnership / microschool-like Christian education program,"Hybrid parent-partnership program with on-site classes and enrichment; Christian, biblically based; appears closer to a homeschool learning center / hybrid microschool than a traditional private school",Grades 1-12,Not publicly stated; staff page suggests a relatively small program with multiple grade bands and a limited instructor roster,Tuition not clearly posted on the main site; program advertises itself as an affordable alternative to public/private school. No reliable schedule details found in official pages reviewed.,['[True North Parent Partnership on Facebook](https://www.facebook.com/TrueNorthParentPartnership/)'],"Public review evidence is thin. Search results surfaced a school-branded reviews page and Facebook presence, but I did not find strong third-party review volume or detailed Google/Yelp-style reputation data in the time available. That makes external reputation hard to validate.","['Offers a Christian, biblically centered parent-partnership model', 'Covers a broad range of grades (1-12)', 'Includes enrichment classes such as cheerleading, volleyball/debate, cooking, sign language, keyboarding, and self-defense/taekwondo', 'Positions itself as an affordable option between public and private school']","['Website is a Weebly site and appears relatively basic/outdated', 'Key buyer information is missing or hard to find: tuition, calendar, enrollment flow, and day-to-day schedule', 'Likely relies on manual communication and informal updates rather than a modern parent portal', 'No obvious integrated system for class management, parent messaging, attendance, or enrollment automation', 'Possible brand/identity confusion with similarly named True North counseling and other True North schools']","This looks like a strong fit for microschool operations software because it has the hallmarks of a small hybrid learning program: multiple grade groups, enrichment offerings, parent-partnership communication needs, and likely manual processes around enrollment, calendars, and family updates. Software would help centralize communication, scheduling, class management, and growth without adding administrative overhead.",4,"Medium. The program clearly exists and appears microschool/hybrid-like, but some details are incomplete or somewhat ambiguous because the public site is sparse and there is naming confusion with other True North entities.","[True North - Home](https://truenortheducation.weebly.com), [Staff - True North](https://truenortheducation.weebly.com/staff.html), [True North Parent Partnership | The Woodlands TX - Facebook](https://www.facebook.com/TrueNorthParentPartnership/), [True North Parent Partnership | The Woodlands, TX - Cause IQ](https://www.causeiq.com/organizations/true-north-parent-partnership,822087874/), [True North Academy Reviews](https://truenorthhomeschool.academy/true-north-online-academy-reviews/), [True North, The Woodlands](http://www.truenorthtw.com)"
"Wondering Oaks, Willis TX",Wondering Oaks Learning,Texas,[Wondering Oaks Learning](https://www.wonderingoakslearning.com),"Conroe / Willis area, Montgomery County, TX (official site says Conroe, TX; user-specified prospect location is Willis, TX)",Private microschool / secular learning program,"Homeschool-away-from-home microschool; multi-age, part-time/full-time secular program bridging homeschool and private school","Primarily ages 5–8, average 5–9; current grade levels Transitional Kindergarten through 3rd grade; possible fit for some 9–10-year-olds",Small; class sizes average about 10 students,"Tuition not published on the pages reviewed. School runs Monday–Thursday, year-round in 4–6 week cycles with 1-week breaks and two 3-week winter/summer breaks; Fridays are for field trips, make-up days, family/community days, or special activities.",['[Facebook](https://www.facebook.com/people/Wondering-Oaks-Learning/100086861265995/)'],"I did not find meaningful third-party review coverage during this pass. The official site positions the program as caring, secular, and personalized, but public reputation evidence appears limited from the sources reviewed.","['Clear niche for early elementary homeschool families', 'Small class sizes and individualized instruction', 'Multi-age, flexible, secular model', 'Strong emphasis on literacy, math, science, and nature-based projects', 'Structured but flexible schedule with field trips and family days']","['Website suggests manual enrollment via forms and email rather than a streamlined portal', 'Tuition is not clearly published on the pages reviewed', 'No obvious parent-app or integrated communication system visible', 'Limited public-facing proof of scale, testimonials, or reviews', 'Physical location is not prominently stated on the pages reviewed, which may hinder discovery']","This looks like a strong fit for microschool operations software: small but growing multi-age enrollment, part-time/full-time scheduling, frequent family communication, forms-based registration, calendar coordination, and activity/field-trip management needs all align with the platform’s core value.",4,Medium-High,"[Wondering Oaks Learning home page](https://www.wonderingoakslearning.com), [Wondering Oaks Learning about page](https://www.wonderingoakslearning.com/about), [Wondering Oaks Learning classes page](https://www.wonderingoakslearning.com/classes), [Wondering Oaks Learning registration page](https://www.wonderingoakslearning.com/registration)"
"One Acre Farm Farm School Learning Pod, Porter TX",One Acre Farm Farm School Learning Pod,TX,https://oneacrefarmtx.com,"3416 Magnolia Dr., Porter, TX 77365",Private microschool / homeschool learning pod / outdoor learning farm,"Nonprofit educational farm with two outdoor Farm School Learning Pods; supplemental homeschool learning, not a full-day accredited school",Early Childhood Farm School ages 4-6; Elementary Farm School ages 7-10,Small; website describes it as a small nonprofit educational farm and says it has TWO outdoor Farm School Learning Pods. Public enrollment size not stated.,"Elementary pod runs Wed-Thu 8:00am-1:00pm for $325/month (2 days/week) or Wed or Thu 8:00am-1:00pm for $180/month (1 day/week). 2025 summer session June 2-Jul 24, 2025; 2025-2026 school year Aug 11, 2025-May 21, 2026.","['Facebook: search result references a Facebook page for One Acre Farm TX, but a direct official profile URL was not clearly confirmed in the sources', 'Instagram: no official profile clearly confirmed in the sources']",Public reputation evidence is limited. Kids Out and About lists the organization as a special needs provider/farm at the Porter address. The site itself says it is not open to the public and programs are by planned events only. No substantive Google/Yelp-style reviews for the school program were surfaced in the research.,"['Clear niche in outdoor, hands-on farm-based learning', 'Serves homeschool families and children with autism/special needs', 'Publishes concrete tuition, dates, ages, and enrollment steps', 'Has a defined lead teacher/contact and recurring weekly schedule']","['Website appears somewhat dated and duplicated across old/new pages', 'Enrollment appears manual: tour application, intro meeting, deposit, then acceptance decision', 'Communication policy suggests after-hours replies only; likely phone/text/email driven', 'No obvious modern parent portal, automated billing, or centralized scheduling', 'Limited evidence of scale/ops sophistication; small team and small capacity likely']","This looks like a strong fit for microschool operations software because it is a small, parent-facing learning pod with recurring schedules, limited seats, application-based enrollment, tuition collection, and parent communication needs. Even though it is more of a homeschool supplement/farm pod than a traditional school, the operating pain points are exactly the areas software can simplify.",4,Medium-high,"[One Acre Farm main site](https://oneacrefarmtx.com), [Elementary Farm School Learning Pod](https://oneacrefarmtx.com/elementary-farm-school-learning-pod.html), [Contact Us](http://oneacrefarmtx.com/contact-us.html), [About Us](http://oneacrefarmtx.com/about-us.html), [Kids Out and About Houston listing](https://houston.kidsoutandabout.com/content/one-acre-farm), [AllEvents listing](https://allevents.in/org/one-acre-farm-tx)"
"Play Full Ground, Monterey CA",Play Full Ground,CA,[Play Full Ground](https://www.playfullground.com),"550 Lighthouse Avenue, Suite E, Monterey, CA 93940",Private microschool / creative learning center,"Creative micro high school community; hybrid-style microschool with independent learning, project-based studio classes, and weekly reflection/community share","High school students; part-time open to high school students, homeschoolers, and motivated youth","Very small; LinkedIn lists company size as 1 employee, and the website emphasizes limited enrollment/space-limited programs","Full-time enrollment for 2025-2026 / January 2026 programs; morning independent learning studio, afternoon creative classes, Friday community share/open crit, and optional afterschool collab studio. Tuition not publicly listed on the pages reviewed.",['[LinkedIn](https://www.linkedin.com/company/play-full-ground)'],"Public reputation evidence is limited. The website includes student testimonials praising mentorship, open-ended instruction, and peer learning. I did not find robust third-party review volume; no clear Yelp/Google review profile surfaced in the searches reviewed.","['Clear creative identity and niche positioning for high school learners', 'Small-group, mentor-supported independent study model', 'Hands-on project-based arts programming across multiple media', 'Weekly reflection/share structure that supports community and communication', 'Appears to be actively enrolling and offering both full-time and part-time options']","['Tuition is not clearly published on the pages reviewed', 'Website content suggests multiple program tracks and schedules that may be hard to manage manually', 'Likely small team, which can create communication and enrollment admin bottlenecks', 'No strong public review footprint or broad social presence found in the searches reviewed', 'As an arts-focused niche microschool, operations may become more complex as enrollment grows']","This is a strong fit for microschool operations software because it is a small, enrollment-driven, hybrid/microschool model with multiple schedules, part-time/full-time participation, weekly updates, mentor check-ins, and likely manual admissions and parent communication workflows. The platform could help it scale without adding admin burden.",4,High on school model and location; medium on size and third-party reputation because public review evidence is limited,"[Play Full Ground home](https://www.playfullground.com), [Play Full Ground enrollment](https://www.playfullground.com/enrollment), [Play Full Ground admissions](https://www.playfullground.com/admissions), [Play Full Ground registration](https://www.playfullground.com/registration), [Play Full Ground LinkedIn](https://www.linkedin.com/company/play-full-ground), [Lighthouse District directory](https://www.lighthousedistrict.net/directory/specialty_services)"
"Home Education Partnership, Pasadena TX","Home Education Partnership of Texas, Inc.",Texas,[Home Education Partnership of Texas](https://heptx.com),"208 E. Edgewood Dr., Friendswood, TX 77546 (serving Friendswood, Pearland, and surrounding Houston-area communities; Pasadena is referenced historically)",Hybrid homeschool support program / homeschool learning center,Classical School + college-preparatory University Model hybrid; parent-partner program with on-campus classes once or twice weekly and at-home instruction on alternate days,PreK 3 through 12th grade,"Not publicly stated; appears established and sizable for the Houston homeschool market, with 27+ years of operation and a broad course catalog","Classes generally meet once or twice a week. PreK 3/4 Wednesdays 9:15–3:15; K Tuesdays/Thursdays or both 9:15–3:15; grades 1–2 Mondays/Wednesdays or Tuesdays/Thursdays 9:15–3:15; grades 3–5 Tuesdays/Thursdays or both 9:15–3:15; grades 6–12 Monday–Thursday 9:00–5:30. Registration fees/deposits include $35 application fee, $125 registration fee, $150 course deposit, $15 finance charge per course, and other class-specific fees; full tuition totals are not clearly posted.",['[Facebook](https://www.facebook.com/heptx/)'],"Official testimonials are strongly positive and emphasize academic rigor, college readiness, strong teaching, and a supportive family-like environment; I did not find balanced third-party review volume on major review sites during this pass. The website also cites past local recognition such as being ranked #1 by the Pasadena Citizen Newspaper and awarded best private school in Pasadena in 2011.","['Clear hybrid model with structured in-person classes and home-based continuation', 'Strong academic and college-prep positioning', 'Wide elective and enrichment offering including speech, STEM, Spanish, art, debate, and summer camps', 'Long operating history and visible leadership', 'Detailed admissions and registration process']","['Website appears information-rich but somewhat manual-heavy, with registration packets, deposits, and payment-plan instructions spread across pages', 'No published full tuition table, which may create friction for prospects comparing options', 'No explicit online enrollment portal or parent app visible from the site pages reviewed', 'Limited evidence of current third-party reviews outside owned testimonials', 'Special education support is limited; the site says it does not work with IEPs/ARD meetings and has no trained special education teachers onsite']","HEP looks like a real hybrid homeschool center with multi-grade scheduling, parent communication needs, enrollment workflows, class registration, teacher coordination, calendars, and recurring family updates. Those are exactly the workflows microschool operations software can streamline, especially for a program that still appears to rely on forms, email, and manual billing/registration steps.",4,High that this is a hybrid homeschool learning center rather than a traditional microschool; medium confidence on current scale/size because it is not publicly disclosed.,"[HEP TX Home](https://heptx.com), [HEP TX Contact](https://heptx.com/contact/), [HEP TX Admissions](https://heptx.com/admissions/), [HEP TX Testimonials](https://heptx.com/about-us/testimonials/), [HEP TX Facebook](https://www.facebook.com/heptx/), [Texas Education Agency](https://tea.texas.gov/texas-schools/general-information/finding-a-school-for-your-child/home-schooling)"
"SOCHH South OC Hybrid Homeschool, Mission Viejo CA",South OC Hybrid Homeschool (SOCHH),California,[South OC Hybrid Homeschool](https://southochybridhomeschool.com),"Mission Viejo / Laguna Hills area, Orange County, CA",Homeschool learning center / hybrid homeschool program,"Private nonprofit hybrid homeschool learning center; drop-off classes with 1-5 day options, parent partnership, and charter-vendor acceptance",1st-8th grade; kindergarten accepted case-by-case; TK/Kindergarten/Little Explorers listed for 2025-2026,Small-to-midsize; no official enrollment posted. Public records and vendor listings suggest a modest nonprofit operation rather than a large campus.,"Schedule appears to be 1-5 days/week. 2024-2025 schedule shown as Mon Arts & Innovations 9-1, Tue-Thu CORE 9-2:30 with extended care 2:30-4, Fri LEAPS 9-1. Tuition is not publicly posted; curriculum cost noted at roughly $120/student for late enrollees.",['[ActivityHero listing](https://www.activityhero.com/biz/south-oc-hybrid-homeschool)'],"Limited public review footprint. ActivityHero has a business listing, but I did not find substantial recent parent review volume. The program appears in homeschool resource listings and charity/registry databases, which supports legitimacy but not strong reputation evidence.","['Clear hybrid homeschool positioning for families wanting structure plus flexibility', 'Small class sizes and individualized pacing', 'Teacher-parent communication is explicitly emphasized', 'Open enrollment and charter-vendor relationships may ease access for families', 'Offers multiple program days and extended care options']","['No visible formal tuition page or pricing matrix', 'Admissions rely on email, packet, tour, and manual follow-up', 'Campus/tour access is appointment-only and address is not surfaced prominently', 'Website content is somewhat repetitive and spread across multiple pages', 'No obvious integrated parent portal or modern enrollment workflow', 'Limited public review volume makes trust-building harder']","SOCHH looks like a real, small hybrid homeschool center with ongoing enrollment, multiple programs, class scheduling, parent communication, and curriculum coordination needs. That is a strong fit for microschool operations software, especially for enrollment, family communication, calendars, classroom organization, and growth from a small base.",4,High that it is a legitimate hybrid homeschool learning center in California; moderate confidence on size because enrollment is not public.,"[SOCHH official site](https://southochybridhomeschool.com), [SOCHH FAQ](https://southochybridhomeschool.com/info/), [SOCHH programs](https://southochybridhomeschool.com/programs/), [SOCHH admissions](https://southochybridhomeschool.com/admissions-2/), [SOCHH main site schedule and model](https://www.sochh.org), [ActivityHero listing](https://www.activityhero.com/biz/south-oc-hybrid-homeschool), [Charity Navigator profile](https://www.charitynavigator.org/ein/834344304), [EINTaxID profile](https://eintaxid.com/company/834344304-south-oc-hybrid-homeschool/), [Donorbox fundraising page](https://donorbox.org/south-oc-hybrid-homeschool-enrichment-programs)"
"Courage Lab Academy, Whittier CA",Courage Lab Academy,CA,[Courage Lab Academy](https://www.couragelab.academy),"Whittier, California",Private microschool / hybrid homeschool-style learning program,"Faith-integrated microschool blending homeschooling, private school, and innovative learning models; mastery-based, self-paced, multi-age, and discussion/project-oriented",K-5,Not publicly stated; page positions it as a small-class microschool with a 12:1 student-guide ratio,"Tuition not publicly stated; schedule not publicly stated, but the site emphasizes family-first flexibility and accommodating travel, health needs, and family time",['[LinkedIn: Lindsay Hsieh](https://www.linkedin.com/in/lindsay-hsieh-231692358)'],"Public reputation evidence is limited. KaiPod’s directory shows one positive review praising the founders as dedicated parents and expressing excitement for the microschool, but there are no substantial third-party review patterns visible from the sources reviewed.","['Clear niche positioning as a faith-integrated microschool', 'Strong messaging around mastery learning and individualized pacing', 'Family-first flexibility that may appeal to homeschool and hybrid families', 'Small-class, relationship-centered model that fits the microschool category']","['Tuition and day-to-day schedule are not clearly published', 'Limited evidence of mature enrollment infrastructure or broad public review footprint', 'No obvious public-facing parent portal, class calendar, or communication tools visible from the site', 'If opening/founding-family stage is recent, operations may still be manual and growth-constrained']","This looks like a strong fit for microschool operations software because it is a small, family-centered K-5 program with flexible scheduling, mastery-based learning, and likely recurring needs around parent communication, enrollment, class management, calendar updates, and teacher coordination. The main caveat is that public evidence suggests a very early-stage or small operation, so the priority is moderate rather than top-tier.",4,Medium,"[Official site](https://www.couragelab.academy), [Landing page](https://www.couragelab.academy/landing-page), [KaiPod Learning directory](https://www.kaipodlearning.com/microschools-near-me/courage-lab-academy/), [LinkedIn profile](https://www.linkedin.com/in/lindsay-hsieh-231692358), [Web search results](https://www.pplx-tool.com)"
"Inner Fire Academy, San Francisco CA",Inner Fire Academy,CA,[Inner Fire Academy](https://innerfiresf.com),"2130b Harrison St, San Francisco, CA 94110",Private microschool,"Teacher-owned, teacher-led microschool for gifted and neurodivergent learners","Ages 5-12; K-2 and 3-5 are referenced on tuition/classes pages, and the school is described elsewhere as K-5 / 3rd-6th in older materials",Very small: 8 students per class; 6:1 student-to-staff ratio; 2025-26 openings show 2 full-time and 1 part-time seat(s) available,"2025-26 tuition is $38,500 for K-2 full-time, $42,500 for 3-5 full-time, and $215/day part-time; billed monthly at the start of each month","['[LinkedIn company page](https://www.linkedin.com/company/inner-fire-academy)', '[Founder LinkedIn](https://www.linkedin.com/in/spredescu)', '[Meetup group](https://www.meetup.com/inner-fire-academy-gifted-2e-microschool/)', '[Facebook/KaiPod video mention](https://www.facebook.com/KaiPodCo/videos/inner-fire-is-a-teacher-owned-microschool-serving-gifted-and-neurodivergent-lear/1161791479117455/)']","Public reputation evidence is limited but positive/legitimate: Niche lists it as a private school and shows no reviews yet, suggesting limited public review volume rather than active criticism; GreatSchools also has a listing. KaiPod and LinkedIn describe it as a real microschool in San Francisco.","['Highly personalized instruction with very small class sizes', 'Clear niche serving gifted and neurodivergent learners', 'Teacher-owned/teacher-led positioning may resonate with families seeking autonomy and flexibility', 'Strong curriculum variety with individualized math, primary-source humanities, languages, science labs, coding, art, music, and PE']","['Website does not clearly publish a full street address on the official site', 'Public reviews are sparse, so trust signals are limited', 'Enrollment and availability appear tiny and likely managed manually', 'Complex schedule mix across full-time, part-time, project time, recess, off-campus PE, and language choices could benefit from software', 'No obvious parent portal, calendar tooling, or communication stack is visible on the site']","Inner Fire looks like a strong fit for microschool operations software because it is a tiny, high-touch private microschool with individualized learning, mixed scheduling, and part-time/full-time enrollment that likely requires structured parent communication, attendance/class management, calendar coordination, and student progress tracking. The school is real, active, and in the target market, and its very small scale suggests it could benefit from software that reduces manual admin as it grows.",4,High on classification and core facts; medium on location precision because the official website does not clearly publish the full address,"[Official website](https://innerfiresf.com), [Tuition page](https://innerfiresf.com/tuition), [Classes page](https://innerfiresf.com/classes), [For homeschoolers](https://innerfiresf.com/for-homeschoolers), [KaiPod Learning profile/article](https://blog.kaipodlearning.com/your-microschool-marketing-strategy-with-sebastian-predescu), [LinkedIn company page](https://www.linkedin.com/company/inner-fire-academy), [Founder LinkedIn](https://www.linkedin.com/in/spredescu), [Niche listing](https://www.niche.com/k12/inner-fire-academy-san-francisco-ca/), [Meetup group](https://www.meetup.com/inner-fire-academy-gifted-2e-microschool/), [GreatSchools listing](https://www.greatschools.org/california/san-francisco/33915-Inner-Fire-Academy/), [Facebook mention](https://www.facebook.com/KaiPodCo/videos/inner-fire-is-a-teacher-owned-microschool-serving-gifted-and-neurodivergent-lear/1161791479117455/)"
"Praxis Elite Sports Academy Junior Prep, California",Praxis Elite Sports Academy Junior Prep,California,[Praxis Elite Sports Academy Junior Prep](https://www.praxiselite.com),"17065 Camino San Bernardo #150, San Diego, CA 92127-5737",Private microschool / athlete-focused middle school,"Hybrid-ish microschool for student-athletes; combines academics and athletics with part-time and full-time options, Friday recovery/personal development, and individualized curriculum selection",Primarily grades 7-8; 6th grade considered case-by-case; 8th+ gap year/reclassifying option,"Small; limited spots and small mixed-age groups, but no exact enrollment count found","5-day program: $21,500/year; 3-day program: $16,500/year; Enrichment Fridays: $750/month. Mon-Thu 9:00 AM–3:45 PM; Fri 11:00 AM–2:00 PM optional in person / work from home. Shadow day required for admission.",['[Instagram](https://www.instagram.com/praxiselitesportsacademy/reels/)'],"Official California School Directory lists the school as active and private, opened April 4, 2023. GreatSchools has a listing, but I did not find substantial third-party review volume in this pass. Public reputation evidence appears limited, suggesting a young school with a light review footprint.","['Clear niche for student-athletes', 'Strong operational clarity on schedule and admissions', 'Visible tuition and program options', 'Includes athletics, academics, and recovery/personal development', 'Small-school personalization with limited enrollment']","['Admissions appears manual and high-touch (shadow day, essay, recommendation, interview)', 'Likely heavy parent/staff coordination across schedules, curriculum choices, and enrichment options', 'No tuition transparency beyond posted programs; possible need for better enrollment and billing workflows', 'Small staff / year-to-year hiring based on enrollment suggests operational sensitivity', 'Website and public footprint appear light for an education brand']","Praxis Elite looks like a small private microschool with flexible schedules, individualized curriculum, and hands-on enrollment/communication needs, which aligns well with software for parent communication, class management, calendar coordination, updates, and growth beyond the first 0-25 students.",4,Medium-high,"[Praxis Elite Sports Academy Junior Prep](https://www.praxiselite.com), [Admissions - Praxis Elite Sports Academy Junior Prep](https://www.praxiselite.com/pricing), [Student Experience — Praxis Elite Sports Academy Junior Prep](https://www.praxiselite.com/program), [California School Directory](https://www.cde.ca.gov/SchoolDirectory/details?cdscode=37682966167159), [Praxis Elite Sports Academy Junior Prep - GreatSchools](https://www.greatschools.org/california/san-diego/33916-Praxis-Elite-Sports-Academy-Junior-Prep/), [Praxis Elite Sports Academy Instagram](https://www.instagram.com/praxiselitesportsacademy/reels/)"
"King's Academy Vineyard Laguna Niguel, Laguna Niguel CA",King's Academy Vineyard Laguna Niguel,California,[King's Academy — Vineyard Church](https://www.vineyardln.com/kings-academy),"27632 El Lazo, Laguna Niguel, CA 92677",Private Christian homeschool tutorial / hybrid learning center,"Church-based homeschool ministry and hybrid drop-off program; parents are the primary educators at home on non-campus days, while staff teach on campus three days per week.",K-12 on the current Vineyard page; older references mention K-8 historically before expansion.,"Small, likely under 100 students per grade band; the school cites an average class size of 16 and previously appeared to have a waitlist.","Tuition not publicly listed. Schedule is Tuesday through Thursday, 9:00 am to 3:30 pm on campus, with home learning the other two days.","['[Facebook](https://www.facebook.com/)', '[YouTube](https://www.youtube.com/)']","Active and generally well-regarded by many families, with Yelp showing 4.1/5 from 19 reviews; reviews praise support, close teacher relationships, and a family-like environment, while some criticism mentions weak academics or communication issues.","['Small class sizes with personalized instruction', 'Strong Christian/biblical identity', 'Hybrid schedule that supports homeschooling families', 'No parent participation required in the core program', 'Appears active with ongoing information meetings and enrollment activity']","['Tuition is not public', 'Enrollment process appears likely manual and meeting-based', 'Website is sparse on operational details', 'Public information is fragmented across older and newer pages', 'No obvious modern parent communication portal or app is visible', 'Potentially ad hoc handling of calendars, updates, and home-day lesson plans']","This looks like a strong fit for microschool/hybrid operations software because it has small cohorts, recurring campus days, home-day lesson plans, parent coordination, enrollment/information-meeting workflows, and ongoing communication needs that could benefit from a centralized platform.",4,High that this is an active private Christian hybrid homeschool program in Laguna Niguel and a relevant prospect; medium confidence on size/tuition because those details are not fully public.,"[King's Academy — Vineyard Church](https://www.vineyardln.com/kings-academy), [King's Academy: GROWING BOLDLY](http://www.kingsvln.org), [King's Academy - CONTACT](http://www.kingsvln.org/contact), [Yelp: Kings Academy Laguna Niguel](https://www.yelp.com/biz/kings-academy-laguna-niguel), [EdJoin posting](https://www.edjoin.org/Home/JobPosting/1406649), [Vineyard Church highlight](https://vineyardln.com/highlights/2022/9/6/kings-academy-back-to-school)"
"Apogee LA Microschool, Los Angeles CA",Apogee LA Microschool,CA,[Apogee LA](https://apogeela.com),"Los Angeles / San Fernando Valley, CA; BBB lists 108 West 2nd Street, Los Angeles, CA 90012 ([BBB Business Profile](https://www.bbb.org/us/ca/los-angeles/profile/not-elsewhere-classified/apogee-1216-1000054151))",Private microschool / homeschool-friendly private school alternative,"Faith-based, values-driven microschool with project-based, student-led learning, mentorship, leadership development, movement/martial arts, and outdoor learning",Not clearly stated on official pages I reviewed,Small; exact enrollment not disclosed,"Not publicly listed on reviewed pages; website says families can schedule a tour and describes a small, community-based alternative",[],"Public reputation evidence is limited. BBB lists Apogee in Los Angeles as not BBB accredited and not rated, with a file opened 2025-11-28. I did not find meaningful third-party school reviews specific to Apogee LA in the available results.","['Clear positioning as a faith-based, homeschool-friendly microschool', 'Strong mission language around leadership, curiosity, and community', 'Distinctive program hooks: project-based learning, martial arts, outdoor adventure, and mentorship', 'Appeals to families seeking an alternative to traditional schools']","['Important details are not public on the pages reviewed, including tuition, grades served, calendar, and exact schedule', 'No clear social media presence was surfaced in search results', 'Website copy is mission-heavy but light on operational specifics that families often need for enrollment decisions', 'Limited reputation evidence makes it harder to assess traction and trust signals']","Apogee LA looks like a true microschool/homeschool-style alternative, which is a good fit for software that helps with parent communication, enrollment, class coordination, schedules, updates, and growth. The lack of visible operational detail suggests they may still be building or managing workflows manually, which increases fit.",4,Medium,"[Apogee LA homepage](https://apogeela.com), [Apogee LA about page](https://apogeela.com/about), [Apogee LA admissions page](https://apogeela.com/admissions), [BBB Business Profile](https://www.bbb.org/us/ca/los-angeles/profile/not-elsewhere-classified/apogee-1216-1000054151), [Web search results](https://apogeela.com)"
"Acton Academy Placer, Placer County CA",Acton Academy Placer,California,[Acton Academy Placer](https://actonplacer.com),"Roseville, California; official campus directory lists 725 Vernon Street, Roseville, CA, with additional campuses referenced in Sacramento and Rocklin.",Private microschool / Acton network campus,"Acton Academy learner-driven, multi-age, self-paced private school with a hybrid program option; part of the broader Acton Academy network.",Spark ages 4–7; Threshold 7–11; Discovery 11–14; Launchpad 14–18 (corresponding to TK–12 program bands).,"Small to medium private school; LinkedIn indicates 2–10 employees and 213 followers, but no official enrollment count is published.","Tuition listed on the FAQ as $11,500 for TK–8 and $13,500 for 9–12; operates on an eleven-month calendar; Hybrid Program launches Fall 2025.","['[Facebook](https://www.facebook.com/actonplacer/)', '[LinkedIn](https://www.linkedin.com/company/acton-academy-placer)']","Direct third-party reviews specific to this campus were limited. Official pages emphasize parent info sessions, auditions, and a learner-driven model, while broader Acton discussions online are mixed, with both strong parent support and recurring concerns about consistency, communication, and execution across campuses.","['Clear niche positioning as a learner-driven Acton campus', 'Offers multi-age studios and self-paced mastery', 'Uses parent onboarding steps and auditions to fit families to the model', 'Has multiple campus references in Placer/Sacramento/Rocklin, suggesting growth']","['Website suggests heavy manual enrollment and onboarding with info sessions, calls, family meetups, and shadow days', 'No published enrollment count, calendar detail, or operational FAQ depth beyond basics', 'Multi-campus structure likely creates coordination complexity across locations', 'No tours during school hours may reduce transparency for prospects', 'Reviews and outcomes are not prominently published, making trust-building harder']","This is a strong fit for microschool operations software because the school uses parent info sessions, auditions, shadow days, multi-campus coordination, calendar flexibility, and ongoing parent communication that would benefit from a centralized CRM, enrollment workflow, scheduling, class management, updates, and family communication hub.",5,High confidence that this is an active private Acton microschool/network campus in California and a good software prospect; medium confidence on size because enrollment is not published.,"[Official homepage](https://actonplacer.com), [Official FAQ](https://actonplacer.com/faq-5143-3496), [Enrollment page](https://actonplacer.com/enrollment-5862-5166), [Learning design page](https://actonplacer.com/learning-design-2374-1715), [Acton Academy campus directory](https://actonacademy.org/campuses/acton-academy-placer-county/), [LinkedIn](https://www.linkedin.com/company/acton-academy-placer), [Facebook](https://www.facebook.com/actonplacer/), [Web search results](https://www.pplx-tool.com)"
"Sonoma Earth School, Forestville CA",Sonoma Earth School,California,[Sonoma Earth School](https://www.earthschool.org),"7465 Steve Olson Lane, Forestville, CA 95436",Private microschool / outdoor elementary school,"Nature-based, mixed-age, dual-language (Spanish/English), place-based experiential K-8 school with individualized academics",Kindergarten through 8th grade,About 29 students on the school website; PrivateSchoolReview lists 23 students in grades 1-7,"Tiered annual tuition based on AGI: K $10,200-$15,000; 1st-8th $15,000-$21,000; monthly payment options and annual/quarterly prepay available; now enrolling for 2025-26",['No verified social profiles surfaced in the official pages searched; only the official website and related directory listings were clearly found'],"Officially listed as an active private school by the California Department of Education with an active status and 2020 open date; third-party school directory listings and a 2026 profile indicate ongoing operation, but I did not find strong recent parent review coverage in the quick search","['Clearly differentiated outdoor, nature-immersion program', 'Small community with low teacher-student ratio', 'Dual-language Spanish/English instruction', 'Individualized academics and mixed-age learning', 'Nonprofit scholarship/tiered tuition structure may improve accessibility', 'Experienced leadership and faculty with Waldorf, outdoor education, and child development backgrounds']","['Website suggests a mission-rich but operationally lightweight presentation, with limited public detail on daily schedule and classroom logistics', 'Admissions flow appears manual: application, parent interview, and student visit', 'No obvious evidence of integrated online enrollment, parent portal, or communications tooling', 'Small team likely needs efficient systems for scheduling, updates, class coordination, and family communication', 'Public social presence and recent review footprint were not easy to verify from the initial search']","This looks like a strong fit for microschool operations software: it is a small private K-8 outdoor program with individualized learning, mixed-age groups, admissions steps, tuition tiers, and likely high-touch family communication needs. Even if the school is mission-driven and well organized, the lack of visible digital workflow suggests software could help with enrollment, calendars, parent updates, class management, and scaling without adding admin burden.",4,"High on school type, location, and model; medium on social/reputation depth because recent third-party review evidence was limited","[Official website](https://www.earthschool.org), [Tuition page](https://www.earthschool.org/tuition), [Admissions page](https://www.earthschool.org/admissions), [Program page](https://www.earthschool.org/program), [Team page](https://www.earthschool.org/team), [Contact page](https://www.earthschool.org/contact), [California Department of Education directory](https://www.cde.ca.gov/SchoolDirectory/details?cdscode=49710016159743), [NCES private school search](https://nces.ed.gov/surveys/pss/privateschoolsearch/school_list.asp?Search=1&SchoolName=&SchoolID=&Address=&City=&State=&Zip=95446&Miles=5&County=&PhoneAreaCode=&Phone=&SchoolType=&Coed=&Religion=&NumOfStudents=&NumOfStudentsRange=more&IncGrade=-1&LoGrade=-1&HiGrade=-1), [Private School Review profile](https://www.privateschoolreview.com/sonoma-earth-school-profile)"
"Wild Hearts Adventure Co, Visalia CA",Wild Hearts Adventure Co.,California,[Wild Hearts Adventure Co](https://wildheartsadventure.co),"[17208 Avenue 296, Visalia, CA 93292](https://wildheartsadventure.co), [218 N Conyer #E, Visalia, CA](https://wildheartsadventure.co)",Private microschool / homeschool enrichment community,"Self-directed, project-based, nature-based, twice-weekly learning community; also appears to run a separate small-supportive middle/high-school program called True North","Wild Hearts appears to serve TK-12 broadly, with specific class references to TK-2nd; True North is grades 6-12",Small group / small learning pod; exact enrollment not publicly stated,"Wild Hearts: $350/month, late August through May excluding December, twice weekly plus makerspace Fridays, 9:30 am–2:30 pm. True North: $300/month, September through May excluding December, two days/week choice, 9:30 am–2:30 pm. Application fee: $40/student or $75/family; charter enrichment funds accepted.","['[Facebook](https://wildheartsadventure.co)', '[Email](https://wildheartsadventure.co)']","Public reputation signals are positive but limited: The Homeschool Mom lists it as a homeschool enrichment resource in Visalia, and KaiPod’s microschool directory describes it as a small group of learners with twice-weekly project-based learning. I did not find strong public review volume on major review platforms.","['Clear microschool/homeschool-enrichment fit', 'Multiple learning options and a small-group model', 'Project-based and self-directed programming', 'Charter enrichment funds accepted', 'Outdoor/nature-based components and maker-space offerings']","['Some family information is password-protected, so enrollment and operational details are not fully public', 'Website appears relatively simple and may rely on manual communication/processes', 'Multiple schedules/programs (Wild Hearts, True North, specialty programs) could be hard to coordinate without dedicated software', 'No obvious public social proof or review volume on mainstream platforms']","This looks like a strong fit for microschool operations software because it is a small, multi-program homeschool learning community with recurring schedules, enrollment/application fees, parent communication needs, class/event coordination, and growth-oriented offerings. Software could help streamline enrollment, attendance, calendars, updates, teacher coordination, and family communication as the program scales.",4,High on classification and operational fit; medium on size/social/review details because those are not fully public.,"[Official website](https://wildheartsadventure.co), [About page](https://wildheartsadventure.co/about/), [Visalia classes](https://wildheartsadventure.co/visaliaclasses/), [True North](https://wildheartsadventure.co/truenorth/), [Family information page](https://wildheartsadventure.co/family-info/), [The Homeschool Mom listing](https://www.thehomeschoolmom.com/local/wild-hearts-adventure-co/), [KaiPod Learning directory](https://www.kaipodlearning.com/microschools-near-me/wild-hearts-adventure-co/), [YouTube profile/video](https://www.youtube.com/watch?v=TcOwmHFmUsM)"
"Foothill Christian Academy hybrid homeschool, California",Foothill Christian Academy,California,[Foothill Christian Academy](https://www.foothillchristianacademy.com),"1330 W. 15th St., Upland, CA 91786",Private school,Hybrid homeschool / Private School Satellite Program (PSP) with significant parent involvement,K–7 per California School Directory; academy handbook content also shows TK through 8th-grade operations at the broader Foothill Christian School campus,"Small; exact enrollment not publicly stated, but the site describes limited class space and rolling admissions","2025–26 tuition is $4,774 per student plus a $50 application fee; hybrid schedule described as Monday and Friday at home, Tuesday and Wednesday on campus, and Thursday half-day on campus","['[Instagram](https://www.instagram.com/fcschool/)', '[YouTube](https://www.youtube.com/watch?v=lkuYnIFSjR0)']","Public review evidence is limited but generally positive. Yelp shows 4.0/5 from 21 reviews for the related Glendora Foothill Christian School, and Niche-style snippets describe a warm, faith-centered environment; however, the search results also mix in similarly named schools, so reputation evidence is only moderately reliable.","['Clear Christian/hybrid value proposition for homeschool families', 'Low tuition compared with many private schools', 'Provides curriculum, teachers, and enrollment support', 'Strong parent involvement and clear weekly structure', 'Biblical worldview and family-centered messaging']","['Website and program pages appear somewhat marketing-heavy and may need stronger operational clarity', 'Enrollment appears application/tour-based rather than self-serve, which can create manual follow-up', 'Social presence is visible but not deeply integrated into operations', 'School size is likely small, so admin workflows may still be handled manually', 'Public info is fragmented across school directory, website, and handbook']","This looks like a genuine hybrid Christian microschool-style program with parent-heavy operations, rolling enrollment, and multiple communication touchpoints. A platform for parent communication, enrollment, class management, calendars, teacher support, and growth tracking could reduce manual admin work and help the school scale beyond a small campus model.",4,"Medium-high. Official sources clearly confirm a private hybrid model in Upland, but public sources are fragmented and some search results refer to other Foothill/Foothills schools, so size and reputation are less certain.","[Foothill Christian Academy homepage](https://www.foothillchristianacademy.com), [What is a Hybrid School?](https://www.foothillchristianacademy.com/what-is-a-hybrid-homeschool), [Admissions and Enrollment](https://www.foothillchristianacademy.com/admissions-enrollment), [California School Directory](https://www.cde.ca.gov/SchoolDirectory/details?cdscode=36750696168389), [Parent & Student Handbook PDF](https://resources.finalsite.net/images/v1768946090/foothillchristian/foothillchristian/foothillchristian/c4xvuwfjl5iqe5nlhbhp/Parent_Student_Handbook.pdf), [Yelp listing](https://www.yelp.com/biz/foothill-christian-school-glendora), [Instagram profile](https://www.instagram.com/fcschool/), [YouTube testimonial](https://www.youtube.com/watch?v=lkuYnIFSjR0)"
"The Lab Learning Space, Long Beach CA",The Lab Learning Space,California,[Lab Learning Space](https://www.lablearning.org),"[Belmont Heights / Long Beach, CA](https://www.lablearning.org) (official site says Belmont Heights area; LinkedIn lists 927 Pine Avenue, Long Beach, CA 90831; Yelp lists 317 Termino Ave, Long Beach, CA 90814)",Private microschool / homeschool enrichment center,"Hybrid homeschool learning center with mastery-based, project-based, personalized tutoring and enrichment; explicitly modeled as a replication of Khan Lab School concepts and used by homeschool/charter families",Kindergarten through 8th grade (website); Yelp/LinkedIn also reference TK–8 and 1st–8th grade programming,"Very small; LinkedIn lists 2–10 employees and 15 followers, suggesting a small campus with likely low student enrollment","Offers all-day, partial-day, drop-in, and multi-day programs; WOW! 2-day homeschool enrichment is listed at $2,000/semester, with a-la-carte classes around $1,000/semester and PE at $200/month; schedule examples include 9:00 am–3:00 pm or 8:30 am–5:00 pm depending on program",['[LinkedIn](https://www.linkedin.com/company/the-lab-learning-space)'],"Online reputation is limited but generally positive overall; Yelp shows 3.0 stars from 2 reviews, with one detailed positive review praising innovative, child-centered, mastery-based instruction and one negative review citing unprofessionalism and phone responsiveness issues","['Personalized, mastery-based learning', 'Project-based and collaborative instruction', 'Homeschool support and charter vendor relationships', 'Flexible scheduling with drop-in and multi-day options', 'Small, community-oriented environment']","['Outdated Wix-based website and some inconsistent domain/brand references', 'Fragmented location/address signals across web listings', 'Very small review footprint, making reputation harder to assess', 'Phone responsiveness and communication concerns mentioned in Yelp review', 'Likely manual enrollment/scheduling workflows typical of small microschools']","This looks like a strong fit for microschool operations software: it serves a small K-8 hybrid/homeschool population with flexible scheduling, enrollment, parent communication, class grouping, and charter-vendor coordination needs. Because it appears small and family-facing, software that reduces manual admin and improves communication could be valuable.",4,Medium-high,"[Official website](https://www.lablearning.org), [Enroll page](https://www.lablearning.org/howtoenroll), [Schedule page](https://www.lablearning.org/about), [WOW enrichment program](https://www.lablearning.org/wow-enrichment-program), [LinkedIn](https://www.linkedin.com/company/the-lab-learning-space), [Yelp reviews](https://www.yelp.com/biz/the-lab-learning-space-long-beach)"
"Outside School, Richmond CA",Outside School,California,[Outside School](https://www.teachoutside.org),"Alvarado Park and Wildcat Canyon, 5755 McBryde Ave, Richmond, CA 94805",Private microschool / outdoor forest school,"100% outdoor, mixed-age, tiny-group forest school for hybrid, homeschool, and independent-school families",Kindergarten through 12th grade; ages 5–18,Very small; handbook says no more than 8 school-age children,"School year program, Tuesdays through Thursdays, 9:00 AM–3:00 PM; tuition not publicly shown on the fetched pages","['[Facebook mention/recommendation](https://www.facebook.com/groups/littleowlsrva/)', '[Berkeley Parents Network discussion](https://www.berkeleyparentsnetwork.org/recommend/schools/outside-school)']","Positive parent/community mentions on Berkeley Parents Network and an in-depth profile by Ten Strands; however, the site also contains a closure note saying it was no longer accepting applications because expenses outran enrollment income, while the home page later says now enrolling, so current activity is somewhat unclear.","['Highly differentiated outdoor learning model', 'Extremely small class size and mixed ages', 'Clear fit for hybrid homeschool and flexible learners', 'Strong nature-based, child-centered positioning']","['Current activity/status is inconsistent across pages', 'Likely manual operations: informal communication, private Google folder for media, weekly emails, no parent-teacher conferences', 'Tiny capacity and likely limited room to scale', 'Website appears content-heavy but operationally lightweight, suggesting admin burden']","This is a strong fit for microschool operations software if the program is active, because it appears to manage small cohorts with informal communication, shared media, attendance records, and flexible scheduling that could benefit from enrollment, parent communication, class management, and calendar tooling. If the closure note is still current, the fit drops sharply because the program may not be actively selling seats.",3,Medium,"[Outside School home page](https://www.teachoutside.org), [Outside School handbook](https://www.teachoutside.org/outside-school-handbook), [Outside School program page](https://www.teachoutside.org/outside-school), [Ten Strands profile](https://tenstrands.org/outside-school-in-richmond-brings-outdoor-learning-to-life/), [Berkeley Parents Network](https://www.berkeleyparentsnetwork.org/recommend/schools/outside-school)"
"Terra Marin Schools outdoor micro-school, Mill Valley CA",Terra Marin Schools / Terra Schools (Mill Valley campus),California,[Terra Schools](https://www.terraschools.org),"70 Lomita Dr, Mill Valley, CA 94941; also a Terra Mandarin Preschool address listed at 529 Browning St, Mill Valley, CA",Private school / private microschool-style outdoor program within a broader Terra Schools umbrella,"Nature-based, multilingual private school with a Mandarin immersion preschool/TK, on-campus K-8, and a full-time outdoor micro-school component; Reggio Emilia-inspired and IB-candidate branding","Preschool through 8th grade; preschool age noted as 18 months to 4.5 years on Facebook, with PK to 2nd currently emphasized on the official site and expansion planned through 8th grade","Small school; third-party directories suggest about 112 students and about 20 teachers, though this may vary by program and source","Rolling admissions; micro-school described as full-time Monday-Friday; official site says PK to 2nd currently and expands one grade per year; Niche lists yearly tuition of $36,975 for the highest grade offered","['[Facebook](https://www.facebook.com/terramandarin/)', '[Instagram](https://www.instagram.com/terraschools/)']","Generally positive reputation online. Niche shows a 4.84/5 rating with 37 reviews, with parents praising small class sizes, strong community, Mandarin/Spanish immersion, and regular communication; Private School Review quotes similarly positive parent feedback. One major negative signal is a 2024 ABC7 report about an eviction dispute involving Terra Marin Preschool and the Mill Valley School District, which created enrollment uncertainty.","['Strong nature-based / outdoor education identity', 'Mandarin and Spanish immersion', 'Small class sizes and individualized attention', 'Multi-program offering across preschool, K-8, and camps', 'Strong parent/community feel and enrichment offerings']","['Public-facing information is fragmented across multiple brand names and program pages', 'Official website currently emphasizes San Francisco more than the Mill Valley Terra Marin micro-school, which can create confusion', 'Enrollment/scheduling likely spans preschool, K-8, camps, shuttles, aftercare, and outdoor excursions', '2024 eviction dispute suggests location instability or operational disruption', 'Some directory/review pages may be outdated or inconsistent about whether the microschool is active or closed']","This looks like a strong fit for microschool operations software because Terra Marin appears to manage multiple programs, rolling admissions, parent updates, calendars, outdoor schedules, aftercare, and likely a lot of coordination across families and staff. The biggest fit is communication, enrollment, class management, and program coordination; if the Mill Valley outdoor microschool is still active, it would especially benefit from tools that reduce manual admin across flexible outdoor scheduling and multi-site logistics.",4,Medium,"[Terra Schools official website](https://www.terraschools.org), [The Homeschool Mom directory](https://www.thehomeschoolmom.com/local/terra-marin-schools-homeschool-adjunct-programs-outdoor-micro-school/), [ABC7 News eviction report](https://abc7news.com/post/language-immersion-terra-marin-preschool-mill-valley-faces-possible-eviction-rent-dispute/15224200/), [SchoolChoiceUSA profile](https://www.schoolchoiceusa.org/schools/school/20786), [Niche reviews](https://www.niche.com/k12/terra-schools-san-francisco-ca/), [Facebook page](https://www.facebook.com/terramandarin/), [Instagram](https://www.instagram.com/terraschools/), [Private School Review](https://www.privateschoolreview.com/terra-marin-school-profile)"
"San Luis Obispo Classical Academy, San Luis Obispo CA",San Luis Obispo Classical Academy,CA,[SLO Classical Academy](https://sloclassical.org),"165 Grand Ave, San Luis Obispo, CA 93405",Private school,"Classical education school with both hybrid and full-time programs; not a pure microschool, but it does have a homeschool-like hybrid component and parent-partner model","Infant/toddler care, preschool, kindergarten, grades 1-8, and grades 9-12 (CDE also lists low grade K and high grade 12)","About 392 students per GreatSchools; city reporting says over 406 students in 2022 and up to 372 students at one time in the new campus plan, so likely mid-300s to low-400s total","Offers five-day full-time, two-day hybrid, and Friday program options; tuition not clearly posted on the homepage, and reviews indicate the program requires significant parent time and that financial aid is available","['[Facebook](https://www.facebook.com/SLOClassicalAcademy/)', '[LinkedIn](https://www.linkedin.com/company/sloca)', '[Linktree referenced on Facebook](https://linktr.ee/sloclassical)']","Reputation is generally strong in family reviews, with Niche showing 4.9/5 from 24 reviews and many praising academics, community, small classes, and parent partnership. Some reviews mention heavy parent workload, limited sports, gaps in upper-grade science/math depth, and isolated concerning student culture complaints, so sentiment is positive overall but not uniform. [Niche reviews](https://www.niche.com/k12/san-luis-obispo-classical-academy-san-luis-obispo-ca/reviews/)","['Strong classical curriculum and clear mission around character, wisdom, and lifelong learning', 'Hybrid model that partners school and home, which aligns well with family involvement and flexible learning', 'Small class sizes and community feel', 'Tech-light culture with structured, discussion-based learning', 'Covers a wide age range from infant care through high school, creating cross-divisional continuity']","['Hybrid and parent-partner model likely creates coordination overhead for calendars, lesson plans, updates, and family communication', 'Reviews suggest the home-day workload is demanding for parents', 'Some reviewers want stronger science and earlier/more challenging math in upper grades', 'Website emphasizes programs and events, but public tuition/pricing details are not obvious on the homepage', 'The school is spread across multiple leased spaces, and local reporting says it is preparing for a campus move, which can increase operational complexity']","SLOCA looks like a strong fit for microschool operations software because it runs a blended full-time/hybrid model, depends on frequent parent-teacher coordination, and serves a broad age span with multiple programs. Even though it is larger than a typical 0-25 student microschool, its communication, enrollment, class management, calendar, and family-update needs are very similar to the platform’s target pain points.",4,High,"[Official website](https://sloclassical.org), [California School Directory](https://www.cde.ca.gov/schooldirectory/details?cdscode=40688096131916), [Niche reviews](https://www.niche.com/k12/san-luis-obispo-classical-academy-san-luis-obispo-ca/reviews/), [Facebook profile](https://www.facebook.com/SLOClassicalAcademy/), [LinkedIn company page](https://www.linkedin.com/company/sloca), [San Luis Obispo Tribune on new campus](https://www.sanluisobispo.com/news/local/education/article308488415.html), [GreatSchools overview](https://www.greatschools.org/california/san-luis-obispo/24469-San-Luis-Obispo-Classical-Academy/), [City of San Luis Obispo filing](https://opengov.slocity.org/WebLink/DocView.aspx?id=169928&dbid=0&repo=CityClerk)"
"Adelphia Classical Christian Academy, Anaheim CA",Adelphia Classical Christian Academy,CA,[Adelphia Classical Christian Academy](https://www.adelphiaclassical.com),"710 S. Cambridge St., Orange, CA 92866",Private school program (PSP); classical Christian private school,"3-day on-campus, teacher-led hybrid/private school program with at-home work on two weekdays; fits a microschool/hybrid homeschool model more than a traditional school.",K-12,"Small; class size normally limited to 16 students, with some grades combined when needed. No total enrollment found.","Three days on campus: Monday, Tuesday, Thursday; at-home learning Wednesday and Friday. Tuition page exists, but specific amounts were not visible in the sources reviewed.",['[Instagram](https://www.instagram.com/adelphiaclassical/)'],"Officially active in the California School Directory as a private K-12 school ([CA Dept. of Education](https://www.cde.ca.gov/SchoolDirectory/results?districts=683&items=500&order=5)). Reputation evidence is limited online; Yelp shows only 1 review with a strong positive comment about small classes, 3-day in-person learning, and a blend of classroom and homeschooling ([Yelp](https://www.yelp.com/biz/adelphia-classical-christian-academy-orange-2)). A Reddit post also describes it positively, but that is anecdotal ([Reddit](https://www.reddit.com/r/orangecounty/comments/14kvkkc/can_anyone_give_me_some_info_about_the_orange/)).","['Clear hybrid model with defined 3-day campus schedule and home-day support.', 'Small classes (normally capped at 16) and combined grades when needed.', 'Classical Christian curriculum with accreditations/approvals (CLSA, WASC, UC a-g, NCAA).', 'Explicit parent support structure: homework sheets and reduced parent teaching burden.']","['Website appears somewhat manual and information-dense rather than streamlined for enrollment/communications.', 'Openings/waitlists suggest enrollment management pressure.', 'Very limited public review footprint makes reputation research and social proof thin.', 'Hybrid model likely requires coordinated calendars, attendance, homework, and family communication across campus/home days.']","This is a strong fit for microschool operations software because it runs a small, hybrid, parent-partnered program with recurring class scheduling, enrollment/waitlist management, calendar coordination, teacher updates, and home-day assignment communication. The school's small class size and mixed-grade structure likely increase the value of centralized operations tools.",4,"High that it is a hybrid microschool-style private school program in Orange, CA; medium confidence on tuition because a specific amount was not visible in the collected sources.","[Official website](https://www.adelphiaclassical.com), [About Us](https://www.adelphiaclassical.com/about-us-1), [CA Dept. of Education directory](https://www.cde.ca.gov/SchoolDirectory/results?districts=683&items=500&order=5), [Tuition & Fees page](https://www.adelphiaclassical.com/tuition-fees), [Yelp review page](https://www.yelp.com/biz/adelphia-classical-christian-academy-orange-2), [Instagram](https://www.instagram.com/adelphiaclassical/), [Reddit discussion](https://www.reddit.com/r/orangecounty/comments/14kvkkc/can_anyone_give_me_some_info_about_the_orange/)"
"Monarch Hills Education, San Luis Obispo CA",Monarch Hills Education,CA,[Monarch Hills Education](https://www.monarchhills.org),"1221 Calle Joaquin, San Luis Obispo, CA",Private microschool / homeschool enrichment program,Nature-based outdoor enrichment and alternative education program; hybrid homeschool-style microschool serving homeschool families with full-time and part-time attendance options,TK–6,Not publicly stated; appears small and likely family-sized based on program format and independent local listing,"2025-26: Mon–Fri 8:30 AM–2:30 PM; full-time 5-day $9,000/year, 4-day $8,000/year, part-time 3-day $6,750/year, 2-day $4,500/year, 1-day $2,300/year; registration/materials fees apply; limited tuition assistance available",['No clearly verified official social profiles surfaced in search results'],"Public reputation evidence is limited but positive/niche-specific: The Homeschool Mom lists it as an enrichment program for homeschoolers in San Luis Obispo, and City Farm SLO references Monarch Hills Education as a collaborator. I did not find broad third-party review volume or star ratings.","['Clear niche positioning as a nature-based, outdoor, homeschool-friendly program', 'Offers flexible full-time and part-time attendance options', 'Has a defined school-year calendar and published tuition structure', 'Serves TK-6 with adventure/off-site Fridays, which is attractive to families seeking experiential learning']","['No obvious public reviews or substantial reputation footprint', 'Website appears lightweight and may indicate limited digital ops maturity', 'Off-site Fridays and multiple attendance plans can create manual scheduling/communication complexity', 'Tuition, registration, and materials management likely require frequent family coordination', 'No clearly visible social presence found in search results']","This looks like a strong fit for microschool operations software because it has hybrid attendance options, family enrollment flows, calendar-heavy programming, off-site adventure days, and likely needs streamlined parent communication, class scheduling, attendance tracking, and growth-ready operations.",4,Medium-high,"[Official site](https://www.monarchhills.org), [Enrichment page](https://www.monarchhills.org/enrichment), [Tuition page](https://www.monarchhills.org/new-page), [Programs page](https://www.monarchhills.org/programs), [The Homeschool Mom listing](https://www.thehomeschoolmom.com/local/monarch-hills-education/), [City Farm SLO collaborator page](https://www.cityfarmslo.org/collaborative)"
"Blue Horizon Studio, Lathrop CA",Blue Horizon Studio,CA,[Blue Horizon Studio](https://www.bluehorizonstudio.org),"Lathrop/Manteca, CA; Central Valley",Private microschool / private school alternative,"Boutique microschool with a studio/residency-style model; offers expert-led daytime academics, self-directed projects, and flexible attendance for homeschool/charter families.",Grades 3–8,Boutique cohort of 14,"Published tuition not found on site; flexible access window 7:00 AM–6:00 PM with soft start 7:00–9:00, core focus 9:00 AM–12:30 PM, afternoon explore 12:30–2:30 PM, and studio time 2:30–6:00 PM.",[],"I found no clear third-party school reviews or active social profiles for this Lathrop school in the searches I ran; the main reputation evidence is the school’s own site and contact page. The official site presents a polished offer, but external validation appears limited.","['Clear niche positioning as a boutique 3rd–8th grade microschool', 'Flexible daytime coverage for working families', 'Strong emphasis on mastery-based learning and no homework', 'Small cohort suggests high-touch communication and personalized support', 'Explicitly welcomes homeschool and charter-funded families']","['No published tuition on the website', 'No clear physical street address found on the contact page', 'No visible social media links on the contact page', 'Very small cohort may make manual administration manageable now but burdensome as they grow', 'If they serve homeschool/charter families, enrollment and communication may be fragmented across multiple family arrangements']","This looks like a strong fit for microschool operations software because it is a small, parent-facing, schedule-heavy program with likely needs around enrollment, family communication, calendars, class logistics, updates, and growth from a tiny cohort. The main caveat is that it may still be early or highly personalized, so the immediate need may be lighter than at a larger center.",4,High that it is a real private microschool in California; medium confidence on size and tuition because those details are self-reported or not published.,"[Blue Horizon Studio official site](https://www.bluehorizonstudio.org), [Blue Horizon Studio contact page](https://www.bluehorizonstudio.org/contact-us), [Pplx fetch of official site](https://www.bluehorizonstudio.org), [Pplx search results for Blue Horizon Studio](https://www.bluehorizonstudio.org)"
"Integrity Christian School PSP, Anaheim CA",Integrity Christian School PSP,California,[Integrity Christian School](https://www.integritychristianschool.org),"4905 East La Palma Ave, Anaheim, CA 92807-1915",Private Christian school / homeschool partnership,Hybrid homeschool community / PSP-style private school satellite program with two on-campus instruction days per week and three days at home,K-12 (official classes page shows K-6 and 7-12; third-party sources also list PreK-12 / 1-12),About 137 students on Niche; about 160 students on Private School Review,"Tuition/fees: new student registration $250 per child, returning student registration $235, annual family tuition $375; class-based tuition ranges from $250/class for K-6 core to $425/class for 7-12 core, plus additional class fees. Schedule: classes meet Tuesdays and Thursdays, generally 9:00 AM-3:00 PM for elementary and 9:00 AM-4:00 PM for secondary.",['[Instagram](https://www.instagram.com/integritychristianschool/)'],"Official and third-party evidence indicates the school is active and established since 1991. Review signals are limited but existing directory/review sites show a generally ordinary private-school footprint: GreatSchools lists 8 reviews, Niche reports 137 students and a 27:1 ratio, and Private School Review describes it as a long-running hybrid homeschool community. No major red flags surfaced in the sources reviewed.","['Clear hybrid homeschool structure with a consistent two-day in-person schedule', 'Broad K-12 academic and enrichment offering including core subjects, STEM, art, music, choir, photography, dance, martial arts, and ASB', 'Transparent tuition/class-fee structure on the admissions page', 'Uses Gradelink enrollment forms, suggesting some operational systems are already in place']","['Website text is somewhat fragmented and the school model is not described cleanly in one place', 'Official pages do not clearly present a one-page overview of programs, ages, and daily flow', 'Enrollment requires multiple steps and separate forms, which may create manual coordination', 'Communication appears likely spread across email, forms, and class pages rather than a unified parent portal', 'Hybrid scheduling across many grade bands and electives can be operationally complex']","This looks like a strong fit for microschool/hybrid operations software: it is a small private Christian hybrid learning community with part-time campus days, multi-age class scheduling, class registration, and parent coordination needs. A platform for communication, enrollment, calendars, class management, teacher support, and family updates would likely reduce manual admin work and support growth.",4,"High that this is a real, active private hybrid homeschool/PSP-style school in Anaheim; moderate confidence on exact size because size data comes from third-party directories rather than the official site.","[Integrity Christian School Home](https://www.integritychristianschool.org), [Integrity Christian School Classes](https://www.integritychristianschool.org/classes), [Integrity Christian School Admissions](https://www.integritychristianschool.org/admissions), [California Dept. of Education Directory](https://www.cde.ca.gov/schooldirectory/details?cdscode=30666477080211), [GreatSchools](https://www.greatschools.org/california/anaheim/16270-Integrity-Christian-School/), [Niche](https://www.niche.com/k12/integrity-christian-school-anaheim-ca-bb140137/), [Private School Review](https://www.privateschoolreview.com/integrity-christian-school-profile), [Instagram](https://www.instagram.com/integritychristianschool/), [NCES Private School Search](https://nces.ed.gov/surveys/pss/privateschoolsearch/school_list.asp?Search=1&City=anaheim)"
