entity,School Name,State,Website,Location,School Type,New/Outdated Signal,School Model,Grades/Ages,Estimated Size,Tuition/Schedule,Social Media,Reputation/Reviews,What They Do Well,Possible Gaps/Pain Points,Software Fit Reason,Priority Score,Confidence,Sources
"Ascend Micro School, United States",Ascend Micro School,CO,[Ascend Micro School](https://ascendmicroschool.com),"Northern Colorado Springs / southwest Black Forest, Colorado Springs, CO",Private microschool / homeschool hybrid / independent school,"Launch-stage microschool with a simple public website, small enrollment, manual admissions steps, waitlists, and limited independent review footprint; site content suggests a small operator rather than an established network.","Faith-based K-8 homeschool hybrid with mixed-age cohorts, place-based learning, and learner-driven instruction; meets 2 days per week and supports homeschooling on off-days.","K-8; FAQ references elementary and secondary cohorts, with about 16 elementary and 12 secondary students per day in 2024-25.","Very small; about 28 students per day based on FAQ enrollment figures, with an 8:1 or lower ratio.","2 days/week (Tuesday/Thursday), 8:45-3:00; 2024-25 tuition $3,575 plus $150 materials fee, with sibling discount, limited tuition assistance, and a Wednesday math tutoring add-on.",['[Ascend Micro School Facebook Group](https://ascendmicroschool.com/faqs/)'],Sparse public review footprint. No strong independent review set surfaced for the school itself; most search results were directory listings or unrelated Ascend organizations. The official site is the main reputation source available.,"['Clear microschool/hybrid positioning', 'Very small cohorts with personalized learning plans', 'Family-friendly hybrid schedule', 'Curriculum support tools for homeschool families', 'Place-based, hands-on, faith-based programming']","['Manual admissions workflow with call/info meeting, tour, interview, application, deposit, and waitlists', 'Small staff limits special-needs support', 'Limited public social proof and review volume', 'Likely fragmented parent communication across Google Classroom, Facebook Group, take-home folders, and email', 'Operational complexity from hybrid scheduling and individualized plans']","This is a strong fit for microschool operations software because it is small, hybrid, and operationally manual: it needs parent communication, enrollment management, calendars, progress updates, cohort tracking, and growth support as it expands beyond a few dozen students.",5,High,"[Ascend Micro School homepage](https://ascendmicroschool.com), [Ascend Micro School FAQs](https://ascendmicroschool.com/faqs/), [Ascend Micro School Admissions](https://ascendmicroschool.com/admissions/), [Ascend Micro School Our Story](https://ascendmicroschool.com/ourstory/), [Meridian Learning directory](https://www.meridian-learning.org/microschool-directory/5552/ascend-micro-school/), [Parents Challenge listing](https://parentschallenge.org/choice-options/pikes-peak-region/), [GoFundMe charity page](https://www.gofundme.com/charity/ascend-micro-school)"
"Learnwell Collective, Alpharetta Cumming GA",Learnwell Collective / Learnwell North Georgia,GA,[Learnwell Collective](https://learnwellcollective.org),"6670 Shiloh Rd, Alpharetta, GA 30005",Private Christian hybrid school / homeschool hybrid program,"Opened its in-person North Georgia campus in 2021; small class caps and ongoing grade expansion suggest a still-growing launch-stage school, though the website is current and fairly complete.",Hybrid school with two days weekly in class and at-home learning the other three days; also offers a Navigator homeschool support program.,"K-10 in 2024-2025; K-11 in 2025-2026, with plans to add grades through 12th.","About 50 students in 2022 per VoyageATL; official site says K-5 max 10 per class and middle/high max 15, implying a small campus.","2025-2026 tuition: K-5 $6,235; 6-7 $6,935; 8-10 $7,880, plus application/enrollment/fees. Hybrid schedule: 2 days on campus, 3 days at home.","['[Instagram](https://www.instagram.com/learnwell_northgeorgia/)', '[Facebook](https://www.facebook.com/learnwellnorthgeorgia)', '[LinkedIn](https://www.linkedin.com/company/learnwell-collective)']","Limited but generally positive public feedback: Yelp shows 1 review, and Niche shows 6 reviews with a 5.0 rating. Public commentary emphasizes small classes, supportive teachers, and effective homeschool guidance.","['Clear hybrid model for families wanting shared home/school responsibility', 'Small class sizes and individualized attention', 'Parent partnership and curriculum/lesson-plan support', 'Defined tuition and admissions information on the website', 'Faith-based community and mission-driven positioning']","['Admissions appears relationship-driven with preview nights and application steps, which can be manual to manage', 'Hybrid schedules and grade expansion increase operational complexity', 'Small staff/class model likely requires strong calendar, parent communication, and enrollment coordination', 'Website messaging is detailed but could still benefit from more streamlined enrollment and family communication workflows']","This looks like a strong fit for microschool operations software because it is a small, growing hybrid school with parent partnership, multi-day scheduling, admissions events, class caps, and ongoing communication needs that likely create operational overhead as enrollment expands.",4,High,"[Official Learnwell Collective home](https://learnwellcollective.org), [Learnwell North Georgia location](https://learnwellcollective.org/learnwell-north-georgia-location/), [Tuition page](https://learnwellcollective.org/tuition-lw-nga/), [About Us](https://learnwellcollective.org/about-us/), [Discover Learnwell event](https://learnwellcollective.org/2024/01/03/5-reasons-to-attend-a-discover-learnwell-preview-night/), [VoyageATL interview](https://voyageatl.com/interview/community-highlights-meet-melissa-shipman-of-learnwell-north-georgia/), [Yelp listing](https://www.yelp.com/biz/learnwell-collective-alpharetta), [Niche profile](https://www.niche.com/k12/learnwell-north-georgia-alpharetta-ga/), [Instagram](https://www.instagram.com/learnwell_northgeorgia/), [LinkedIn](https://www.linkedin.com/company/learnwell-collective), [Georgia Home Education Association listing](https://ghea.org/listing-temp/entry/6328/)"
"Asheboro Hybrid Academy, Asheboro NC",Asheboro Hybrid Academy,NC,[Asheboro Hybrid Academy](https://asheborohybridacademy.com),"Asheboro, NC",Private hybrid Christian school / homeschool hybrid learning center,"Looks launch-stage but not brand-new: website copy and FAQ content are sparse and some pages appear dated (FAQ published 2016; team page published 2014), while enrollment is handled through a simple form and fees are posted as a PDF-style document. Official site shows a structured but manually operated school, not a polished enterprise brand. ([Asheboro Hybrid Academy](https://asheborohybridacademy.com), [FAQ](https://asheborohybridacademy.com/faq), [Enroll HERE!](https://asheborohybridacademy.com/enroll-here))","Hybrid school combining two or three on-campus days with parent-led at-home work; parent acts as co-teacher/private tutor; Christian worldview; parent-governed organization. ([Asheboro Hybrid Academy](https://asheborohybridacademy.com), [FAQ](https://asheborohybridacademy.com/faq))","Kindergarten through 11th grade; elementary/middle meet 2 days per week, high school 3 days per week. ([Private School Review](https://www.privateschoolreview.com/asheboro-hybrid-academy-profile), [FAQ](https://asheborohybridacademy.com/faq))","About 154 students, 22 teachers, roughly 7:1 student-teacher ratio. ([Private School Review](https://www.privateschoolreview.com/asheboro-hybrid-academy-profile))","Elementary/middle meet Mondays and Thursdays 8:30-3:00; high school meets Mondays, Tuesdays, and Thursdays 8:30-3:00. A 2023-24 fee sheet showed $275/month elementary/middle, $330/month high school, plus fees; FAQ says a $125 non-refundable enrollment fee and tuition discounts for additional children. ([FAQ](https://asheborohybridacademy.com/faq), [2023-24 fee sheet](https://static1.squarespace.com/static/5a9592c9cc8fed6981ecd0d7b/t/63d9682b4db2ac6446a84c3b/1675192363961/23-24+Fee+Sheet.pdf))",['[Asheboro Hybrid Academy Facebook](https://www.facebook.com/asheborohybridacademy/)'],"Public review volume looks thin. Search results surface the school’s Facebook page, MaxPreps sports pages, and a Private School Review profile, but no strong body of parent reviews or third-party reputation evidence was visible. ([Asheboro Hybrid Academy Facebook](https://www.facebook.com/asheborohybridacademy/), [Private School Review](https://www.privateschoolreview.com/asheboro-hybrid-academy-profile), [MaxPreps](https://www.maxpreps.com/nc/asheboro/asheboro-hybrid-academy-warriors/))","['Clear hybrid model with predictable weekly schedule', 'Strong parent involvement and home-school support', 'Multiple grade levels and enrichment/athletics offerings', 'Named staff roles for admissions, academics, and support']","['Manual-looking enrollment process with form-based intake', 'Tuition and fee details are not fully transparent on the main site', 'Operational complexity across K-11, enrichment, athletics, and multiple staff roles', 'Web presence appears basic with dated page metadata and limited public review footprint', 'Likely reliance on email and spreadsheets/shared docs for coordination']","AHA appears to be a small-to-mid-size hybrid microschool-style private program with multiple grades, part-time attendance, parent communication needs, and recurring enrollment/calendar/class coordination. That is a strong fit for software that helps manage communication, schedules, student progress, and growth without adding admin burden.",4,high,"[Asheboro Hybrid Academy](https://asheborohybridacademy.com), [About Us](https://asheborohybridacademy.com/about-us), [FAQ](https://asheborohybridacademy.com/faq), [Enroll HERE!](https://asheborohybridacademy.com/enroll-here), [Our AHA Team](https://asheborohybridacademy.com/our-aha-team), [Private School Review profile](https://www.privateschoolreview.com/asheboro-hybrid-academy-profile), [Facebook](https://www.facebook.com/asheborohybridacademy/), [MaxPreps school page](https://www.maxpreps.com/nc/asheboro/asheboro-hybrid-academy-warriors/), [2023-24 fee sheet PDF](https://static1.squarespace.com/static/5a9592c9cc8fed6981ecd0d7b/t/63d9682b4db2ac6446a84c3b/1675192363961/23-24+Fee+Sheet.pdf)"
"Journey Academy Colorado, Colorado",Journey Academy,Colorado,[Journey Academy](https://journeyacademycolorado.com),"Littleton, Colorado",Private microschool / hybrid homeschool learning center,"Launch-stage and still operationally small: the website and launch materials describe a 3-day hybrid model, a waitlist, an audition/application process, and early construction/move-in language from the founders’ videos, suggesting a newer school with relatively basic web presence. ([Journey Academy](https://journeyacademycolorado.com), [FAQ](https://journeyacademycolorado.com/faq/), [YouTube welcome video](https://www.youtube.com/watch?v=FRJ_dDPsI4s), [Journey Life Center video](https://www.youtube.com/watch?v=UFw_eh4zEz0))","Acton-affiliated, Christ-centered, learner-driven hybrid microschool with multi-age studios, Socratic discussions, project-based learning, and homeschool support on off-campus days. ([Journey Academy](https://journeyacademycolorado.com), [FAQ](https://journeyacademycolorado.com/faq/))","Ages 4-18 across five studios: Sparks 4-7, Explorers 7-10, Discovery 9-12, Adventure 12-14, Launch Pad 14-18. ([FAQ](https://journeyacademycolorado.com/faq/))","Very small; exact enrollment not public, but the FAQ says all studios are currently full and families join a waitlist. ([FAQ](https://journeyacademycolorado.com/faq/))","$7,000/year per learner, or 10 monthly payments of $700, plus a $500 non-refundable registration fee. On-site learning is Monday-Wednesday 8:30 am-3:30 pm; learners are homeschooled Thursday-Friday; school year runs September-May in five 6-week sessions. ([FAQ](https://journeyacademycolorado.com/faq/))","['[YouTube: Welcome to Journey Academy!](https://www.youtube.com/watch?v=FRJ_dDPsI4s)', '[YouTube: Journey Life Center is Born!](https://www.youtube.com/watch?v=UFw_eh4zEz0)']","Public review volume appears sparse. Search results surfaced a small number of third-party mentions and no obvious large review footprint; the school’s own FAQ emphasizes internal customer satisfaction surveys rather than public ratings. ([Niche result](https://www.niche.com/k12/journey-k8-colorado-springs-co/), [FAQ](https://journeyacademycolorado.com/faq/))","['Clearly articulated hybrid schedule and learner-driven model', 'Multi-age studios with defined age bands', 'Strong parent partnership and home-learning structure', 'Uses dashboards, badges, portfolios, and goal monitoring', 'Offers Christ-centered, Acton-affiliated positioning']","['Waitlist/full-studio status suggests capacity pressure and growth-management needs', 'Manual-feeling inquiry/admissions flow with audition/application language', 'Basic website and limited public-facing proof points', 'Likely operational complexity across five studios, homeschool days, and exhibitions', 'Public review/reputation footprint appears limited']","This looks like a strong fit for microschool operations software: the school is small, hybrid, parent-partnered, and likely juggling admissions, waitlists, calendars, parent communication, learning studio coordination, and progress tracking across multiple age groups. The current setup already references Google Classroom, portfolios, dashboards, and satisfaction surveys, which suggests room for a more unified operating system. ([Journey Academy](https://journeyacademycolorado.com), [FAQ](https://journeyacademycolorado.com/faq/))",5,High,"[Journey Academy home](https://journeyacademycolorado.com), [Journey Academy FAQ](https://journeyacademycolorado.com/faq/), [Journey Academy About Us](https://journeyacademycolorado.com/about-us/), [Welcome to Journey Academy!](https://www.youtube.com/watch?v=FRJ_dDPsI4s), [Journey Life Center is Born!](https://www.youtube.com/watch?v=UFw_eh4zEz0), [Paideia Missions Acton Academy note](https://paideiamissions.com/acton-academy/), [Niche Journey K8 result](https://www.niche.com/k12/journey-k8-colorado-springs-co/)"
"Paradise Earth Academy, United States",Paradise Earth Academy,Arizona,[Paradise Earth Academy](https://paradiseearthacademy.com),"Gilbert, Arizona; operates from Gilbert Presbyterian Church educational center and mentions a partnered ranch in Queen Creek for horsemanship",Private microschool / hybrid homeschool-style learning center,"Strong launch-stage signal: founder says she left public school in 2020 and founded the school to support homeschooling families; the site emphasizes waitlist/tour flow, small class caps, and recently dated FAQ/program content ([Paradise Earth Academy](https://paradiseearthacademy.com/who-we-are/), [Rules & FAQs](https://paradiseearthacademy.com/rules-faqs/)).","Private K-8 academic support program with part-time/full-time options, small classes, home support, nature days, electives, and horsemanship; closer to a microschool/hybrid homeschool learning center than a traditional school ([Paradise Earth Academy](https://paradiseearthacademy.com), [Programs](https://paradiseearthacademy.com/classrooms/), [Rules & FAQs](https://paradiseearthacademy.com/rules-faqs/)).",K-8,"Very small; site says four classrooms with a maximum of 10 students per teacher, implying roughly up to 40 students per instructional group at a time, likely below that in practice ([Rules & FAQs](https://paradiseearthacademy.com/rules-faqs/)).","Academic days Monday, Tuesday, Thursday, Friday, 9:00am-2:30pm; Wednesday Nature Day with optional horsemanship at $150/month; annual curriculum fee $350; tuition paid quarterly via Class Wallet, credit card, or check ([Programs](https://paradiseearthacademy.com/classrooms/), [Rules & FAQs](https://paradiseearthacademy.com/rules-faqs/)).",[],"No meaningful third-party review footprint found in the search results; the web presence appears concentrated on the official site, with no clear Yelp/GreatSchools/Niche reputation evidence specific to this school.","['Very small class sizes with individualized support', 'Clear hybrid/microschool positioning for K-8', 'Nature-based enrichment and horsemanship component', 'Defined elective rotation and quarterly student presentations', 'Family-facing support for part-time learners completing work at home']","['No obvious third-party review base or public reputation trail', 'Enrollment appears waitlist/tour-driven rather than self-serve', 'Likely manual parent communication around part-time schedules and home lessons', 'Operational complexity from mixed schedules, electives, nature day logistics, and quarterly payments', 'Website provides limited transparent enrollment/tuition detail beyond select fees']","This looks like a classic fit for microschool operations software: small but growing K-8 program, hybrid scheduling, part-time students, parent coordination, waitlists, tours, calendars, and frequent updates all suggest a need for better enrollment, communication, and class management tooling.",5,High,"[Paradise Earth Academy home page](https://paradiseearthacademy.com), [Who We Are](https://paradiseearthacademy.com/who-we-are/), [Programs](https://paradiseearthacademy.com/classrooms/), [Rules & FAQs](https://paradiseearthacademy.com/rules-faqs/), [PPLX search results](https://paradiseearthacademy.com)"
"Arizona Gifted Academy, Scottsdale AZ",Arizona Gifted Academy,Arizona,[Arizona Gifted Academy](https://www.arizonagiftedacademy.org),"Scottsdale, Arizona; founding campus on private church property, exact address shared during admissions ([Arizona Gifted Academy](https://www.arizonagiftedacademy.org))",Private microschool / hybrid learning center for gifted learners,Strong new-school signal: the official site says it is welcoming founding families for its inaugural PK–5 community for the 2026–27 school year beginning August 2026 ([Arizona Gifted Academy](https://www.arizonagiftedacademy.org)).,Boutique microschool with two pathways: a university-style hybrid program meeting twice weekly on campus and a five-day private school program ([Arizona Gifted Academy](https://www.arizonagiftedacademy.org)).,PK–5th grade / PK–5 learners ([Arizona Gifted Academy](https://www.arizonagiftedacademy.org)).,"Very small / launch-stage; the site emphasizes an intentionally intimate community and a 1:6 teacher-to-student ratio, but no enrollment count is published ([Arizona Gifted Academy](https://www.arizonagiftedacademy.org)).",Tuition not publicly listed; Arizona ESA funds accepted. Schedule options are 2 days/week hybrid or 5-day private school ([Arizona Gifted Academy](https://www.arizonagiftedacademy.org)).,"['No clear official social profiles found in current searches; search results only surfaced unrelated or third-party LinkedIn/Facebook pages ([LinkedIn](https://www.linkedin.com/in/jaimie-weinberger-1297b548), [Arizona Gifted Academy website](https://www.arizonagiftedacademy.org)).']",Sparse public review footprint. Current web searches did not surface meaningful third-party reviews for Arizona Gifted Academy; the visible evidence is mostly the official website and unrelated/generic gifted-education results ([Arizona Gifted Academy](https://www.arizonagiftedacademy.org)).,"['Clear niche positioning for gifted, creative, and twice-exceptional learners', 'Small, personalized model with 1:6 ratio', 'Hybrid and full-time options for family flexibility', 'Progress updates and transcripts suggest an administrative workflow already in place', 'ESA acceptance can reduce family payment friction']","['No public tuition details', 'Exact campus address withheld until admissions, suggesting a manual inquiry process', 'Likely early-stage operations with limited public brand footprint', 'No obvious review base or social proof yet', 'Hybrid + full-time offering adds scheduling, communication, and enrollment complexity']","This looks like a strong fit for microschool operations software because it is new, tiny, and likely running with manual admissions and communication workflows while offering hybrid and full-time tracks that require scheduling, updates, and parent-facing coordination ([Arizona Gifted Academy](https://www.arizonagiftedacademy.org)).",5,High on launch-stage / model fit; medium on external reputation because public review and social evidence is sparse.,"[Arizona Gifted Academy official website](https://www.arizonagiftedacademy.org), [Perplexity web results](https://www.arizonagiftedacademy.org), [Perplexity search results for reviews/social profiles](https://www.linkedin.com/in/jaimie-weinberger-1297b548)"
"Creation Acres Montessori, Mint Hill NC",Creation Acres Montessori,North Carolina,[Creation Acres Montessori](https://www.creationacres.com),"Mint Hill, near Charlotte, North Carolina; address listed in directories as 11120 Lawyers Rd, Mint Hill, NC 28227 ([The Homeschool Mom](https://www.thehomeschoolmom.com/local/creation-acre/), [AMS Montessori Directory](https://amshq.org/schools/creation-acre-academy-1216235/))",Private microschool / Montessori hybrid learning center,"New-school signal is strong: the school says it bought a house in downtown Mint Hill in 2023 to convert into a school, is still in its 2026–2027 admissions cycle, and notes it is not yet accredited. ([Creation Acres Montessori About](https://www.creationacres.com/about), [Creation Acres Montessori FAQs](https://www.creationacres.com/about/faqs), [Creation Acres Montessori homepage](https://www.creationacres.com))",Christ-centered Montessori microschool with a separate Friday Nanoschool / homeschool enrichment program; private-school structure with homeschool co-enrollment.,"Microschool ages 3–15; PreK–9th grade; Nanoschool ages 5–14. ([Creation Acres Montessori homepage](https://www.creationacres.com), [Creation Acres Montessori About](https://www.creationacres.com/about))",Very small; AMS directory lists 23 students. ([AMS Montessori Directory](https://amshq.org/schools/creation-acre-academy-1216235/)),"Microschool runs 4-day or 5-day (Monday–Thursday/Friday). Tuition for 2026–2027 is $10,600–$14,400 depending on program and days; enrollment requires application fee, registration fee, and $750 deposit. ([Creation Acres Montessori homepage](https://www.creationacres.com), [2026–2027 Tuition & Fee Schedule](https://www.creationacres.com/sites/default/files/2025-10/creation-acres-2026-2027-tuition-fee-schedule_0.pdf))",['[Jasmine Williams on LinkedIn](https://www.linkedin.com/in/jasmine-williams-7b93b845)'],"Public review evidence appears sparse. Search results surfaced directory/listing pages and a LinkedIn profile, but no strong review volume or detailed reputation footprint was visible in the collected sources. ([Creation Acres Montessori search results](https://www.creationacres.com), [The Homeschool Mom listing](https://www.thehomeschoolmom.com/local/creation-acre/))","['Clear niche positioning as a Christ-centered Montessori microschool', 'Offers both microschool and homeschool enrichment formats', 'Multi-age programming with hands-on, student-led learning', 'Appears to have thoughtful tuition and enrollment documentation for families']","['Manual-feeling admissions flow that asks families to reach out and fit-check', 'Mixed schedule complexity across 4-day, 5-day, and Friday enrichment models', 'Likely small team with limited operational staff', 'Not yet accredited, which may increase parent questions and admin burden', 'Sparse public reputation signals may make parent communication and updates especially important']","This looks like a strong fit for microschool operations software because it is very small, newly launched, and runs multiple program types with mixed schedules, homeschool co-enrollment, tuition plans, and a likely high need for organized parent communication, enrollment tracking, calendars, class management, and growth tooling.",5,Medium-high,"[Creation Acres Montessori homepage](https://www.creationacres.com), [Creation Acres Montessori About](https://www.creationacres.com/about), [Creation Acres Montessori FAQs](https://www.creationacres.com/about/faqs), [2026–2027 Tuition & Fee Schedule](https://www.creationacres.com/sites/default/files/2025-10/creation-acres-2026-2027-tuition-fee-schedule_0.pdf), [AMS Montessori Directory](https://amshq.org/schools/creation-acre-academy-1216235/), [The Homeschool Mom listing](https://www.thehomeschoolmom.com/local/creation-acre/), [LinkedIn](https://www.linkedin.com/in/jasmine-williams-7b93b845)"
"Wildcat Microschool, United States",Wildcat Microschool,New Hampshire,[Wildcat Microschool](https://wildcatmicroschool.weebly.com),Guide homes within a few miles of each other; likely New Hampshire based on local media mention.,Private microschool / homeschool learning pod,"Official site is a basic Weebly page with sparse operational details and no clear tuition, enrollment, or schedule; public mention indicates a small, likely launch-stage program.","Homeschool learning pod / microschool with student-driven, hands-on, collaborative, individualized, self-paced, and nature-based learning.",Not explicitly stated on the official site; a public mention described kindergarten through 4th grade students.,"Very small; exact enrollment not stated, but the model uses guides' homes and a small teacher-to-student ratio, suggesting a tiny campus.",Not publicly stated on the official site.,['Not found on official site'],"Very limited public reputation evidence. A local article highlighted a Rube Goldberg competition result, but there were no substantial review profiles or broad parent-review footprints found.","['Student-driven learning', 'Hands-on projects and collaborative activities', 'Individualized support with a small teacher-to-student ratio', 'Outdoor and nature-based learning', 'Flexible seating and self-directed play']","['No clear tuition or schedule publicly posted', 'No visible enrollment flow or tour/inquiry process', 'Sparse website and weak online presence', 'No obvious parent communication or operations infrastructure visible', 'Likely manual coordination across multiple home-based sites and transportation']","This looks like a very small, home-based microschool with minimal web operations, making it a strong fit for software that manages parent communication, enrollment, calendars, updates, class organization, and growth beyond a handful of students.",4,Medium,"[Wildcat Microschool official site](https://wildcatmicroschool.weebly.com), [Wildcat Microschool fetch details](https://wildcatmicroschool.weebly.com), [The Bridge Weekly on Wildcat Microschool](https://www.thebridgeweekly.com/news/wildcat_first_place)"
"Grace Academy Ohio, Cincinnati OH",Grace Academy,Ohio,[Grace Academy Ohio](https://www.graceacademyohio.com),"525 Elm St, Cincinnati, OH 45202",Private microschool / hybrid homeschool learning center,"Website and operations look small and somewhat basic: text-heavy pages, no clear online enrollment flow, no visible social links in fetched content, and at least one ""Coming Soon"" item; however, the site also says the school is founded in 2010, so it is not truly new.","Hybrid homeschool / microschool with learning labs, parent collaboration, and student-led individualized learning",All learners welcome; no explicit grades/ages published on the site,Very small or small; no enrollment count published,"No posted tuition. Parents may volunteer for tuition offsets; sliding-scale private pay and some insurance accepted. Schedule shown as Monday farm day 10-2, Wednesday Eastside 9-3:30, Friday Eastside 9-1, with some community/home-based services available 8am-7pm.",['None clearly visible from the official pages reviewed'],"Limited public review footprint found. The homepage includes one strong testimonial, but I did not find a substantial independent review set for the Cincinnati operation.","['Individualized learning plans', 'Parent involvement and caregiver collaboration', 'Learning labs instead of rigid classes', 'Supports neurodivergent / inclusive learning', 'Offers tutoring and therapy-adjacent services such as reading, speech, and occupational therapy']","['No clear tuition page', 'No explicit grades/ages page', 'Manual inquiry process by phone and event signup rather than a digital enrollment funnel', 'Complex hybrid scheduling across multiple days/locations', 'No visible CRM-like family communication workflow', 'Basic web presence with sparse operational detail']","Grace Academy appears to run a small, flexible, multi-day microschool/hybrid model with parent involvement, lab scheduling, and family-specific support needs. That mix strongly fits software for communication, enrollment, calendars, updates, class/lab management, and growth operations, even though the school is not newly founded.",4,Medium-high,"[Grace Academy Ohio homepage](https://www.graceacademyohio.com), [Grace Academy Ohio learning labs](https://www.graceacademyohio.com/learning-labs-offered), [Grace Academy Ohio enroll](https://www.graceacademyohio.com/enroll-now), [Grace Academy Ohio mission](https://www.graceacademyohio.com/our-mission), [Grace Academy Cincinnati search results](https://www.pplx.ai)"
"Lighthouse Learning Microschool, United States",Lighthouse Learning Microschool,Florida,[Lighthouse Learning Microschool](https://www.lighthouselearningmicroschool.com),"Longwood, Seminole County / SW County area, Florida (Seminole County Chamber and local directory listings); official site does not clearly publish a street address.",Private microschool / homeschool hybrid,"Launched in 2020 in a living room; official site says it now serves 120+ students and has a waitlist, so it is still launch-stage-ish but no longer tiny.","Faith-based microschool and homeschool hybrid with multi-age academics plus STREAM enrichment; also described as project-based, hands-on, student-led learning with full-time and part-time options.",K–5 and grades 6–8 on the official site; third-party directory also describes K–9 offerings.,"120+ students according to the About page; upper-school class size listed as 22 students, suggesting multiple small cohorts rather than a large campus.","Public tuition is not posted on the main site; the school points families to a 2026–2027 introductory packet. Schedule options shown are 5 days (Mon–Fri 8:30–3:00), 4 days (Mon–Thu/Fri 8:30–3:00), 3 days (Mon–Wed 8:30–3:00), and 2-day STREAM enrichment (Thu–Fri 8:30–3:00).","['[Facebook](https://www.facebook.com/lighthouselearningmicroschool)', '[Instagram](https://www.instagram.com/lighthouselearningmicroschool)']",Public review volume appears sparse. Available evidence is mostly testimonials on the school site and directory/listing mentions rather than a robust set of independent reviews.,"['Clear niche positioning as a microschool/homeschool hybrid', 'Flexible multi-day schedules and enrichment pathways', 'Hands-on, project-based learning with STREAM focus', 'Faith-based community and family-centered messaging', 'Evidence of growth and waitlist demand']","['Tuition is not clearly public-facing', 'Location/address is not prominently published on the official site', 'Inquiry flow appears manual and packet-based rather than self-serve', 'Likely needs heavy coordination across part-time/full-time, enrichment, and before/after care options', 'Growing enrollment may increase operational complexity around parent communication, scheduling, and student management']","This looks like a strong fit for microschool operations software because it has multiple schedule tracks, a waitlist, enrichment care, and a growing student body that likely needs better enrollment, communication, calendar, and class-management tooling. The school is small enough to benefit from lightweight operations software, but large enough that manual processes could become painful.",4,Medium-high,"[Official website](https://www.lighthouselearningmicroschool.com), [About page](https://www.lighthouselearningmicroschool.com/about), [Contact page](https://www.lighthouselearningmicroschool.com/contact), [6th-8th learning page](https://www.lighthouselearningmicroschool.com/6-8-learning), [Seminole County Chamber listing](https://business.seminolebusiness.org/list/member/lighthouse-learning-microschool-longwood-29590), [Fun 4 Seminole Kids directory](https://fun4seminolekids.com/Education-Childcare/Private-Schools-Faith-Based/Lighthouse-Learning-Micro-School/View-details), [Seminole County Chamber news](https://business.seminolebusiness.org/news/details/exploring-our-stream-enrichment-program-at-lighthouse-learning-03-18-2026)"
"Lighthouse Homeschool Academy, Ohio",Lighthouse Homeschool Academy,Ohio,[Lighthouse Homeschool Academy](https://www.lighthousehomeschool.com),"Fairview Park, Ohio",Private Christian hybrid homeschool program / microschool-like hybrid learning center,"Small launch-stage feel: limited online footprint, basic site, no clear grades listed on main pages, no public size/capacity, and enrollment appears manual via email/phone, tour, and application steps.",Hybrid homeschool model with 2 days on campus and 3 days at home; drop-off on-campus days; parents teach at home and school supports core academics in person.,Not explicitly stated on the public pages I found.,Unknown; no public enrollment count or capacity listed.,"$220/month per child from August to May plus $150 enrollment fee; on-campus days are 8:20am–2:20pm, twice a week, 6 hours per day.","['No clear official social profile found in search results; web search only surfaced generic platform homepages and unrelated results.', 'Facebook search results did not clearly identify an official Lighthouse Homeschool Academy page.', 'Instagram search results did not clearly identify an official Lighthouse Homeschool Academy account.']","I did not find meaningful school-specific review volume for this Ohio program. Search results were sparse, with one nearby/relevant directory result and unrelated Lighthouse school reviews from other states/programs.","['Clear hybrid structure for families wanting a mix of home instruction and in-person teaching.', 'Explicitly positions itself as a Christian community with teacher-parent partnership.', 'Provides a defined tuition and schedule on the FAQ page.', 'Uses drop-off on-campus days, which likely simplifies daytime operations for staff and parents.']","['Grades/ages are not clearly advertised on the public site.', 'Enrollment flow appears manual: email, information meeting, tour, and application rather than an online admissions funnel.', 'Curriculum is not included in tuition, so families must self-manage materials and planning.', 'No public size/capacity data, which may suggest an early-stage or low-visibility operation.', 'No obvious robust parent portal, calendar, or communication tooling visible from the site.', 'Limited public reputation evidence makes it harder to assess maturity or market presence.']","This looks like a strong fit for microschool operations software because it combines part-time campus instruction, at-home learning coordination, manual inquiry/admissions steps, parent communication, class management, calendars, and teacher support—all common pain points for a small hybrid homeschool program.",4,"Medium-high. The official site clearly shows the model, schedule, tuition, and inquiry process, but size, grades, and broader reputation data are limited.","[Official website](https://www.lighthousehomeschool.com), [Hybrid program page](https://www.lighthousehomeschool.com/custom/93028), [FAQs](https://www.lighthousehomeschool.com/faq/), [Web search results](https://www.pplx.ai)"
"HWH Academy Homework Hub, Long Island NY",HWH Academy Homework Hub,New York,[Homework Hub](https://www.homeworkhubtutoring.com),"628 Walt Whitman Rd, Melville, NY 11747",Private microschool / homeschool support center,"Looks like an active but still small, manually run launch-stage program: “classes are continuously forming,” “online registration is not available for all classes,” and contact is via call/text rather than a modern enrollment flow. The site also includes a placeholder Yext tag on one page, which gives a somewhat basic/templated feel. ([Homework Hub](https://www.homeworkhubtutoring.com), [Homework Hub homeschool support](https://www.homeworkhubtutoring.com/home-school-support))","Hybrid microschool and homeschool support center; part-time in-person learning pods plus tutoring, private/small-group instruction, and homeschool advisory support. The site says HWH Academy serves grades 8–12 as a microschool, while Homework Hub as a whole serves pre-K through college and beyond. ([HWH Academy](https://www.homeworkhubtutoring.com/hwh-academy), [Homework Hub](https://www.homeworkhubtutoring.com))","HWH Academy: grades 8–12. Broader Homework Hub services: pre-K through college and beyond. ([HWH Academy](https://www.homeworkhubtutoring.com/hwh-academy), [Homework Hub](https://www.homeworkhubtutoring.com))","Very small microschool pods: no more than 12 students per class, with a 6:1 student-to-teacher ratio. Broader business size is modest but not clearly disclosed. ([HWH Academy](https://www.homeworkhubtutoring.com/hwh-academy), [Homework Hub](https://www.homeworkhubtutoring.com))","No tuition posted for HWH Academy. Schedule shown as Monday–Thursday classes, Friday private/small-group instruction, 9:00–12:00 for elementary and 12:30–3:30 for middle/high school; calendar follows Half Hollow Hills school calendar. Homeschool advisory pricing is posted at $170/hour, with packages at $850/5 hours and $1600/10 hours. ([HWH Academy](https://www.homeworkhubtutoring.com/hwh-academy), [Homework Hub homeschool services](https://www.homeworkhubtutoring.com/home-school-services), [Homework Hub academic year](https://www.homeworkhubtutoring.com/learn-about-hwh))",['[Instagram](https://www.instagram.com/homeworkhub/)'],"Public reputation evidence is sparse. Yelp shows the business as claimed/open with basic listing details but no substantive user review content in the fetched page. Indeed has only 3 employee reviews and a 5.0 rating, which suggests a small operation rather than a large institution. ([Yelp](https://www.yelp.com/biz/homework-hub-melville), [Indeed](https://www.indeed.com/cmp/Homework-Hub-1/reviews))","['Offers a clear microschool/homeschool-support value proposition for families seeking flexible, small-group instruction.', 'Provides multiple service lines beyond academics: tutoring, test prep, parent consultation, homeschool support, and special services support.', 'Uses small class sizes and certified teachers, which aligns well with parent expectations in this market.', 'Shows defined schedule blocks and a calendar reference, which indicates a real operating program rather than a purely conceptual offering.']","['Enrollment appears manual and fragmented: call/text to enroll, limited online registration, and classes are continuously forming.', 'No clear tuition for the microschool itself, making inquiry handling and follow-up likely important.', 'Multiple program types under one roof (microschool, homeschool support, tutoring, test prep, hotline, workshops) could create scheduling and communication complexity.', 'The web presence is service-heavy but not highly organized; a modern parent portal could reduce back-and-forth and missed inquiries.', 'No obvious centralized system is visible for calendars, class management, attendance, or parent updates.']","This looks like a strong fit for microschool operations software because it is small, parent-facing, and operationally manual: hybrid schedules, pod-based classes, ongoing enrollments, and a mix of programs that likely require better parent communication, enrollment tracking, calendar management, and class coordination. The business appears active and could benefit from streamlining growth from a small pod model into a more scalable operation. ([HWH Academy](https://www.homeworkhubtutoring.com/hwh-academy), [Homework Hub homeschool support](https://www.homeworkhubtutoring.com/home-school-support), [Homework Hub academic year](https://www.homeworkhubtutoring.com/learn-about-hwh))",5,High,"[Homework Hub home page](https://www.homeworkhubtutoring.com), [HWH Academy microschool page](https://www.homeworkhubtutoring.com/hwh-academy), [Homeschool support page](https://www.homeworkhubtutoring.com/home-school-support), [Academic year page](https://www.homeworkhubtutoring.com/learn-about-hwh), [Home school services pricing](https://www.homeworkhubtutoring.com/home-school-services), [Indeed reviews](https://www.indeed.com/cmp/Homework-Hub-1/reviews), [Yelp listing](https://www.yelp.com/biz/homework-hub-melville), [Instagram](https://www.instagram.com/homeworkhub/)."
"AMPed Hybrid Academy, Farmington Hills MI",AMPed Hybrid Academy,MI,[AMPed Academy](https://amped.education/academy/),"29375 Halsted Rd, Farmington Hills, MI 48331",Private microschool / hybrid academy,"Newish launch-stage feel: applications are open, the school highlights a recent move to a new building, and the official site emphasizes limited space and a still-evolving accreditation path; tuition is not public and the inquiry flow appears manual.","Learner-centered hybrid microschool with project-based learning, personalized education plans, mixed-age cohorts, and teacher-facilitated at-home work on non-campus days.",K-9,"Very small; max 12 students per class, but no total enrollment published. Niche lists 34 students.","Hybrid schedule: on campus two days per week plus every other Friday; FAQ says cohorts meet Mon/Wed or Tue/Thu, 9 AM-2 PM. Tuition not publicly stated.","['[LinkedIn](https://www.linkedin.com/company/ampededucation)', '[Facebook presence via site/search results](https://www.facebook.com)']","Public reputation looks positive but sparse. Niche shows 9–14 reviews with a 5.0 rating depending on page view, and Yelp has a claimed listing with little depth; review language emphasizes flexibility, small classes, and supportive staff.","['Personalized education plans', 'Small class sizes and mixed-age cohorts', 'Hybrid scheduling for families who want part-time in-person learning', 'Project-based, hands-on learning', 'Parent communication and progress tracking via portal/app']","['Tuition is not posted publicly', 'Enrollment appears inquiry-based rather than self-serve', 'Manual-feeling admissions process with tours/contact form', 'Multiple schedules/cohort patterns may require coordination', 'Small team likely means limited admin bandwidth for communication, calendars, and class management']","AMPed looks like a strong fit for microschool operations software because it is a small hybrid program with part-time attendance, parent communication needs, student progress tracking, scheduling complexity, and growth pressure beyond 0-25 students. The school already mentions a portal/app, which suggests they are operationally mature enough to benefit from a more unified system for enrollment, calendars, updates, and teacher workflows.",4,High for school identity/model/schedule; medium for size and organizational maturity because total enrollment and tuition are not fully public.,"[AMPed Academy](https://amped.education/academy/), [Farmington Hills Campus](https://amped.education/academy/farmington-hills-campus/), [Why AMPed](https://amped.education/academy/why-amped/), [AMPed FAQ](https://amped.education/academy/why-amped/frequently-asked-questions/), [Niche listing](https://www.niche.com/k12/amped-hybrid-academy-farmington-hills-mi/), [Niche reviews](https://www.niche.com/k12/amped-hybrid-academy-farmington-hills-mi/reviews/), [Yelp listing](https://www.yelp.com/biz/amped-hybrid-academy-farmington-hills), [LinkedIn](https://www.linkedin.com/company/ampededucation), [Kids Out and About](https://annarbordetroit.kidsoutandabout.com/content/amped-hybrid-academy), [PRLog](https://www.prlog.org/12996177-local-microschool-wins-national-recognition.html)"
"Hero Schoolhouse Acton Academy, Pennsylvania",Hero Schoolhouse: An Acton Academy,Pennsylvania,[Hero Schoolhouse listing on Acton Academy](https://actonacademy.org/campuses/hero-schoolhouse-an-acton-academy/),"New Bloomfield, Pennsylvania (Acton campus listing); the school’s affiliated Pennsylvania Acton story page also places it in Central Pennsylvania near Mechanicsburg/Harrisburg",Private microschool / homeschool co-op / Acton Academy affiliate,"Very new and launch-stage: Acton’s campus finder lists Hero Schoolhouse in Pennsylvania without street address, tuition, grades, or contact details, and the school narrative says the Acton journey began in February 2019. The web presence is basic and missing many operational details. [Acton Academy](https://actonacademy.org/campuses/hero-schoolhouse-an-acton-academy/), [Threefold Schoolhouse](https://threefoldschool.org/our-story)","Learner-driven Acton Academy affiliate with multi-age studios, self-paced core skills, Socratic discussions, projects/quests, and parent-partnered homeschooling","Not clearly stated on the Hero Schoolhouse listing; the affiliated Threefold model serves ages 4–18 and is multi-age, homeschool-co-op style. [Acton Academy](https://actonacademy.org/campuses/hero-schoolhouse-an-acton-academy/), [Threefold Schoolhouse FAQ](https://threefoldschool.org/faq)","Small; official materials only say ‘a few dozen young people,’ and the broader story says the Pennsylvania affiliate grew from 10 learners in 2019 to 65 learners by fall 2025, but that figure appears to describe the Threefold affiliate rather than the Hero Schoolhouse listing specifically. [Threefold Schoolhouse](https://threefoldschool.org), [Building Threefold Schoolhouse](https://www.youtube.com/watch?v=i32uQV45mbc)",Tuition is not public; the FAQ says ‘modest tuition’ and families must schedule a call for current rates. The program runs on a 10-month calendar and allows flexible travel. [Threefold Schoolhouse FAQ](https://threefoldschool.org/faq),"['No official Hero Schoolhouse social profiles were clearly surfaced in the research', 'Threefold/affiliated founder presence on LinkedIn: [Charissa Mitchell](https://www.linkedin.com/in/charissa-mitchell-08b755186)']","Sparse public review footprint. I did not find meaningful review volume for Hero Schoolhouse itself; the strongest third-party evidence is a VELA feature on Threefold Schoolhouse and a YouTube interview about the school’s growth. [VELA](https://vela.org/threefold-schoolhouse-fosters-young-entrepreneurs/), [Building Threefold Schoolhouse](https://www.youtube.com/watch?v=i32uQV45mbc)","['Clear learner-driven niche with Acton/hero’s-journey branding', 'Parent partnership and homeschool-co-op orientation', 'Strong operational use case for self-paced core skills, portfolios, exhibitions, and apprenticeships', 'Appears thoughtful about community culture and multi-age learning']","['No public street address, tuition, grade span, or contact details on the main listing', 'Inquiry and admissions appear manual: schedule a call, tour, application, interview, visit day, then invite-to-enroll', 'Likely needs parent communication, calendars, progress tracking, and enrollment workflow support', 'Basic web presence and limited review footprint may make it harder to manage inquiries and conversion']","This looks like a small, launch-stage Acton-style microschool/homeschool co-op with manual admissions, flexible scheduling, and multi-age operations, which maps well to software for parent communication, enrollment, class/studio management, calendars, updates, and growth from a handful of families into a larger learner community.",4,"Medium-high. The school identity is slightly ambiguous because the Acton listing says Hero Schoolhouse in New Bloomfield while the affiliated Threefold Schoolhouse materials place the Pennsylvania affiliate in the Mechanicsburg/Harrisburg area. However, the model, scale, and operational fit are clear.","[Acton Academy campus listing](https://actonacademy.org/campuses/hero-schoolhouse-an-acton-academy/), [Acton campus finder](https://actonacademy.org/find/), [Threefold Schoolhouse homepage](https://threefoldschool.org), [Threefold Schoolhouse FAQ](https://threefoldschool.org/faq), [Threefold Schoolhouse our story](https://threefoldschool.org/our-story), [Threefold Schoolhouse visit page](https://threefoldschool.org/visit), [YouTube interview](https://www.youtube.com/watch?v=i32uQV45mbc), [VELA feature](https://vela.org/threefold-schoolhouse-fosters-young-entrepreneurs/)"
"Acton Academy Pittsburgh, Wexford PA",Acton Academy Pittsburgh,Pennsylvania,[Acton Academy Pittsburgh](https://actonacademypittsburgh.com),"3500 Brooktree Road, Wexford, PA 15090",Private Acton-style microschool / learner-driven private school,"Strong new/growth-stage signals: the site calls it a ""Brand New"" 15,000 square foot school and says it started in 2019 in a living room before expanding over five years. The public web presence is relatively lightweight and the admissions flow is manual. [Acton Academy Pittsburgh](https://actonacademypittsburgh.com/home-8237-2859-7088)","Acton Academy learner-driven model with mixed-age studios, self-paced mastery, Socratic discussions, project-based quests, Montessori materials, and a Launchpad high school track. [Acton Academy Pittsburgh](https://actonacademypittsburgh.com)","Site says Pre-K to 12th; other pages say Spark ages 4–7, Elementary 7–11, Middle School 11–14, Launchpad 14–18, with current Pittsburgh copy also noting K–8 now and high school planned for 2026. [Acton Academy Pittsburgh](https://actonacademypittsburgh.com), [Acton Academy Pittsburgh](https://actonacademypittsburgh.com/home-8237-2859-7088)","Very small-to-small/mid microschool stage, but exact enrollment is not published. Site emphasizes a 15,000 sq ft school and growth from a living-room start, suggesting a small founder-led operation rather than a large established campus. [Acton Academy Pittsburgh](https://actonacademypittsburgh.com/home-8237-2859-7088)","No tuition found on the Pittsburgh site. Schedule info on the site says it starts late August and closes early June; Acton model pages show a school day roughly 8:00–3:15 and public exhibitions every 4–6 weeks. [Acton Academy Pittsburgh](https://actonacademypittsburgh.com), [Acton Academy](https://actonacademy.org/model/)","['[Acton Academy](https://www.facebook.com/ActonAcademy/)', '[Acton Academy](https://www.instagram.com/actonacademy/)', '[Acton Academy Pittsburgh on LinkedIn result](https://www.linkedin.com/in/caysen-o-keefe-841629186)']","Public review evidence is sparse for the Pittsburgh campus. Search results surfaced broader Acton discussion on Reddit and third-party commentary, but not a robust set of Pittsburgh-specific reviews or ratings. [Reddit discussion](https://www.reddit.com/r/Homeschooling/comments/1b35bye/acton_academy/), [Reddit discussion](https://www.reddit.com/r/Parenting/comments/14g69jy/anyone_have_experience_with_acton_academy/)","['Clear learner-driven positioning and parent-friendly mission branding', 'Multi-age studios with self-paced mastery and project-based learning', 'Strong fit for families seeking an alternative to conventional schooling', 'Publicly states accreditation/licensure and a dedicated Wexford address']","['No tuition listed on the official Pittsburgh pages', 'Enrollment process appears manual: book a call, campus visit, application', 'Little visible local review footprint or third-party reputation trail', 'Web presence looks basic and marketing-heavy rather than operations-heavy', 'Growth from living room to larger campus likely increases coordination needs across grades, schedules, and family communication']","This looks like a good prospect for microschool operations software because it is a small, founder-led, Acton-style campus with mixed-age studios, manual admissions, likely parent-heavy communication needs, and growth-stage complexity around calendars, student progress, exhibitions, and family updates. The school is not enterprise-like; it appears exactly in the size band where lightweight operations software can save time and improve the parent experience.",5,"High on model, location, and growth-stage signals; medium on size and reputation because the campus does not publish enrollment or tuition and public review data is thin.","[Acton Academy Pittsburgh official site](https://actonacademypittsburgh.com), [Acton Academy Pittsburgh home page](https://actonacademypittsburgh.com/home-8237-2859-7088), [Acton Academy model page](https://actonacademy.org/model/), [Acton Academy find-a-school page](https://actonacademy.org/find/), [Reddit homeschooling discussion](https://www.reddit.com/r/Homeschooling/comments/1b35bye/acton_academy/), [Reddit parenting discussion](https://www.reddit.com/r/Parenting/comments/14g69jy/anyone_have_experience_with_acton_academy/), [LinkedIn search result](https://www.linkedin.com/in/caysen-o-keefe-841629186)"
"Valley Christian Academy, Caldwell ID",Valley Christian Academy,Idaho,https://www.valleychurchidaho.com/valley-christian-academy,"2911 Muller Dr., Caldwell, ID 83605",Private Christian homeschool hybrid / microschool-style program,"Appears launch-stage or small: the site is a simple church-hosted page, the model is described as a homeschool hybrid, and the public footprint is sparse with limited third-party coverage and no obvious robust review trail.",Private homeschool hybrid with 3 on-campus days and 2 at-home days; Christian/Biblical worldview; family partnership model.,K–12,"Likely very small or early-stage; no enrollment count published. Public signals are limited, suggesting a small campus rather than a large established school.","2025–2026 tuition listed at $4,000 per year for K–12, or $444.44/month for 9 months; curriculum fees $450 (K–5), $550 (6–8), $650 (9–12); supply fee $125; registration fee $100. Schedule: Monday/Friday at home, Tuesday–Thursday on campus 9:00 AM–3:00 PM; school year runs Sept. 2 to May 21.",['No clear dedicated social profiles found in public search results; the only directly surfaced Facebook result was a discussion post rather than an official school page.'],"Third-party reputation evidence is thin. A Facebook discussion post includes several parents describing the program positively, but that is informal and not an official review channel. I did not find a meaningful public review footprint for this Caldwell school, which itself is a signal of low online visibility.","['Clear hybrid schedule and tuition published online', 'Distinct Christian mission and family-partnership framing', 'Simple inquiry path with a named principal and phone number', 'Appears to offer structure for homeschool families seeking on-campus support']","['No published enrollment size or class counts', 'No obvious dedicated admissions funnel beyond contact info and online application mention', 'Sparse public reviews and weak social presence', 'Basic church-site presentation may indicate limited operational maturity', 'Likely needs help coordinating calendars, parent updates, enrollment, and hybrid logistics']","This looks like a small, private homeschool-hybrid program that would benefit from software to manage parent communication, applications, schedules, class coordination, tuition/invoices, and growth beyond the initial launch stage. The hybrid model and limited web presence suggest operational complexity without much administrative infrastructure.",4,Medium-high,"[Valley Christian Academy - Valley Church Idaho](https://www.valleychurchidaho.com/valley-christian-academy), [Connect - Valley Church Idaho](https://www.valleychurchidaho.com/connect), [Facebook discussion thread mentioning Valley Christian Academy](https://www.facebook.com/groups/577103760713622/posts/991287269295267/), [PPLX search results for Valley Christian Academy Caldwell](https://www.valleychurchidaho.com/valley-christian-academy)"
"Rooted Meadows School, Rigby ID",Rooted Meadows School,Idaho,[Rooted Meadows School](https://rootedmeadowsschool.org),"Greater Idaho Falls Area / Rigby, Eastern Idaho, Idaho",Private Waldorf-guided microschool / hybrid homeschool learning center,"Appears launch-stage and very new: BYU-Idaho reported it would open in 2026, and the school’s website is light on operational details like tuition and admissions.","Private alternative micro-school using Waldorf principals with a hybrid homeschool component; core classes by certified Waldorf teachers, extracurriculars supported by parents and volunteers; nature-based and farm-to-table emphasis",Kindergarten through 8th grade (K–8),"Very small / not publicly stated; likely launch-phase and under 25 students at opening, but no official enrollment number found","Tuition not publicly listed; reported schedule is 9:00 a.m. to 1:30 p.m., four days per week, with an extended year",['No clear official social profiles found in public search results'],Sparse public review footprint. I did not find meaningful Google/Facebook review evidence; public mentions are mostly launch coverage rather than parent reviews.,"['Clear niche positioning around Waldorf-guided, nature-based learning', 'Potentially strong community/family involvement model', 'Distinct farm, garden, fiber arts, and hands-on learning concept', 'Shorter school day may appeal to homeschool-aligned families']","['No public tuition or fee transparency found', 'No clear online enrollment flow or application details surfaced', 'No visible student count, staffing, or capacity information', 'Likely manual parent/volunteer coordination needs', 'Basic web presence with limited operational details', 'New launch may require rapid parent communication and calendar management']","This looks like an early-stage, very small private microschool with a hybrid homeschool structure and a lot of parent/volunteer coordination. That is a strong fit for software that handles enrollment, family communication, scheduling, class coordination, updates, and growth from a tiny launch cohort upward.",5,"Medium-high. The school is clearly real and launch-stage, but a few operational details such as tuition, exact address, and enrollment count were not publicly visible.","[Rooted Meadows School website](https://rootedmeadowsschool.org), [BYU-Idaho Radio coverage](https://www.byui.edu/radio/new-rigby-micro-school-offers-different-approach-to-education), [Search results for social/review presence](https://www.google.com/search?q=Rooted+Meadows+School+Facebook+Instagram+reviews)"
Summit Academy LLC microschool homeschool hybrid,Summit Academy LLC,"Unknown (email suggests Lebanon, likely New Hampshire)","[Summit Academy, LLC](https://www.summitacademyllc.com)",Likely Lebanon (inferred from summitacademy.lebanon@gmail.com); no full street address found on the homepage.,Private microschool / homeschool hybrid,"Very light web presence: one-page style site, published 2019, limited operational details, and no clear tuition/schedule or public enrollment pages visible.",Micro-school + homeschool hybrid; nature-based elementary program with individualized instruction and small groups.,Elementary students,"Very small; the site says less than 10 students per teacher, but no total enrollment is disclosed.",Not publicly listed on the website; inquiry-based contact only. No schedule details found.,[],Sparse independent reputation evidence. I found a testimonial quote on the site and no robust set of public reviews. Search results did not surface clear official social accounts or substantial review volume.,"['Clear positioning as a micro-school/homeschool hybrid', 'Small class size promise', 'Individualized education', 'Nature-based/outdoor learning emphasis']","['No obvious tuition page', 'No clear school calendar or schedule details', 'No full location/address on the homepage', 'Manual-looking contact/inquiry flow', 'Sparse public reviews/social proof', 'Likely small team needing help with communication and enrollment coordination']","This looks like a tiny, relationship-driven microschool with limited web infrastructure, which is a strong fit for software that handles parent communication, enrollment, class management, calendars, updates, and growth operations from 0-25 students upward.",4,Medium,"[Summit Academy, LLC](https://www.summitacademyllc.com), [Summit Academy, LLC contact page](https://www.summitacademyllc.com/donate), [Pplx web search results](https://www.summitacademyllc.com), [Pplx fetched page](https://www.summitacademyllc.com), [Pplx review/social search results](https://www.indeed.com/cmp/Summit-Academy-7/reviews)"
"Family Lyceum, Clearfield UT",Family Lyceum,UT,[Family Lyceum](https://www.familylyceum.com),"295 E 200 S, Clearfield, UT",Private hybrid microschool / homeschool hybrid learning center,"Launch-stage / small-school signals: simple text-heavy website, self-published testimonials, little third-party review presence, and strong emphasis on parent communication and emailed home resources.","Hybrid private school for homeschool families; mentor-led, small-group, skill-based classes with home days and parent involvement.","At least ages 4 and 7-9 are shown on site; site also references Elementary and Jr. High, suggesting elementary through junior high programming.","Small; exact enrollment not published. Public references emphasize small class sizes, and site language suggests a modest hybrid program rather than a large campus.","Part-time hybrid: $3,500/year for 2 days/week; full-time hybrid: $4,800/year for 3 days/week; $75 student registration fee and $75 family application fee; FLICKER (ages 7-9) meets Mon/Wed or Tue/Thu 9:00 am-2:30 pm with optional Friday.",['No verified social profiles surfaced in the collected results.'],"Mostly self-published praise on the school site; testimonials emphasize small classes, parental involvement, weekly emails, and a supportive homeschool blend. No strong independent review footprint was surfaced in the research results.","['Clear hybrid model with defined in-person schedules', 'Strong parent involvement and family-centered messaging', 'Small-class, skill-based instruction', 'Weekly home-day resources and communication', 'Mentor meetings and progress discussions', 'Offers scholarship/vendor participation that may help families afford tuition']","['Manual-looking inquiry/application flow', 'Likely heavy reliance on email and paper/lightweight coordination', 'Basic website and limited online proof points', 'No obvious enrollment, attendance, or class-management tooling shown publicly', 'Operational complexity from mixed schedules, optional Fridays, and parent volunteer requirements']","This looks like a strong fit for microschool operations software because the school runs small hybrid cohorts with multiple schedules, parent communication needs, mentor coordination, calendars, enrollment workflows, and ongoing updates for families. Those are exactly the pain points a platform like this can streamline.",4,"Medium-high. Official website and tuition/schedule details are clear, but enrollment size and external reputation signals are limited.","[Family Lyceum home](https://www.familylyceum.com), [Family Lyceum tuition and fees](https://www.familylyceum.com/tuition-and-fees.html), [Family Lyceum about us](https://www.familylyceum.com/about-us.html), [Family Lyceum FLICKER ages 7-9](https://www.familylyceum.com/flicker-age-7-9.html), [Family Lyceum testimonials](https://www.familylyceum.com/what-families-say-about-us.html), [Clearfield City businesses listing](https://clearfield.city/2024/01/04/clearfield-city-businesses/), [Homeschool 101 resources PDF mention](https://hillfss.com/wp-content/uploads/2026/02/Hill-AFB-Local-Homeschool-101-Resources.pdf)"
"The Academy Utah Collective, Orem UT",Utah Collective Academy / The Academy - Utah Collective,UT,[Utah Collective](https://www.utahcollective.org),"Orem, Utah; Downtown SLC also mentioned",Private microschool / hybrid learning center,"Appears launch-stage or lightly built: the site is sparse, the home page is minimal, the address is not shown on the location page, and enrollment timing is spelled out manually for the 2025-26 year.",Hybrid microschool,K-12,Not stated; likely small / early-stage based on limited web presence and lack of enrollment scale data.,"Mondays and Thursdays, 9:00 AM-3:00 PM; the site says enrollment for the 25-26 school year opens in March 2025.",[],"I did not find strong school-specific review coverage in search results. Public reputation signals appear sparse, which is consistent with a new or early-stage program.","['Clear hybrid microschool positioning', 'Offers a full K-12 private academy model', 'Appears to support both drop-off and parent-stay options', 'Publishes schedule and enrollment timing publicly']","['Sparse website content and few program details', 'No tuition listed on the main pages I checked', 'No clear address displayed on the location page', 'No obvious social media footprint found in search', 'Likely manual inquiry/enrollment flow rather than automated operations']","This looks like a strong fit for microschool operations software because it is small, hybrid, and likely still building its enrollment and communications workflow. A platform that centralizes parent communication, inquiry management, scheduling, class updates, and growth from a small cohort would likely help.",4,Medium,"[Utah Collective](https://www.utahcollective.org), [WELCOME | Utah Collective](https://www.utahcollective.org/welcome), [Locations | Utah Collective](https://www.utahcollective.org/locations), [Utah Collective Academy search results](https://www.pplx.ai/s/97c2d067), [Utah Collective Academy search results](https://www.pplx.ai/s/f866ab1f), [Utah Collective Academy reviews search results](https://www.pplx.ai/s/a0e657b1)"
"HighPoint Hybrid Academy, Pennsylvania",HighPoint Hybrid Academy,Pennsylvania,[HighPoint Hybrid Academy](https://highpointhybrid.com),"Auburn Hills, Michigan office location listed on site; school mentions Rochester and Clarkston campuses, with Instagram posts also referencing Midland, Michigan.",Private hybrid homeschool learning program / microschool-style hybrid academy,"Clear launch-stage operational complexity but not a brand-new start: site shows K-12 hybrid model, rolling admissions, and multiple campuses; web presence is fairly basic and heavily testimonial-driven, with tuition hidden behind separate pages and inquiry/application flow. Official site indicates active 2024-2025 content, while Instagram shows ongoing posts and 429 followers, but the Pennsylvania attribution appears inconsistent with the public web footprint.","Hybrid homeschool academy with two days per week on campus, parent as co-teacher, and at-home guided learning using HighPoint Learning (HPL).",K-12,"Small-to-mid size, likely under a few hundred students per campus; public evidence includes a 14:1 max ratio and social presence, but no full enrollment count is posted.","2 days per week on campus; about 12 hours/week and 60 in-person days per year. Tuition is not clearly listed on the main admissions pages, but the costs page shows total investment of $1,200-$1,350 for new children and $1,000-$1,150 for returning children, plus FACTS fees and additional academy option fees.","['[Instagram](https://www.instagram.com/highpoint_hybrid_/)', '[Facebook search result](https://www.facebook.com/highpointtutorial/)']","Public reputation appears mostly self-published and testimonial-based. I did not find strong third-party review coverage for this specific academy; the site and Instagram show active parent/staff praise, but outside review volume is sparse and geographically mixed with similarly named schools.","['Clear hybrid model for homeschool families', 'Strong parent-partnership messaging', 'Hands-on, small-group learning with instructor support', 'Admissions funnel is structured with applications, interviews, and assessments', 'Multiple campuses/locations suggest operating maturity']","['Tuition and fees are not easy to find from the main site', 'Enrollment appears manual and multi-step', 'Families likely need scheduling, communications, and fee/payment coordination across campuses', 'Operational details are spread across several pages instead of a single clear parent portal', 'Public web presence is modest and could be more polished']","This is a strong fit for microschool operations software because the school blends in-person classes, at-home learning, parent communication, applications, assessments, tuition collection, and calendar management across multiple locations. Those workflows are exactly where a small hybrid academy benefits from a centralized system.",4,"Medium. The biggest caveat is that the public web evidence points to Michigan, not Pennsylvania, so the entity/location label in the request may be mismatched. The school itself appears real and operational, but state attribution needs verification.","[Official homepage](https://highpointhybrid.com), [About HighPoint](https://highpointhybrid.com/about/), [Admissions](https://highpointhybrid.com/admissions/), [Academy application](https://highpointhybrid.com/admissions/academy-application/), [Costs and fees](https://highpointhybrid.com/public-school-costs-fees/), [Contact page](https://highpointhybrid.com/contact/), [Instagram](https://www.instagram.com/highpoint_hybrid_/), [Metro Parent profile](https://metroparent.com/education/at-home-learning/highpoint-hybrid-academy-for-homeschooling/), [PaFEC article](https://paedchoice.org/phas-first-high-school-class-is-amazing/)"
"iCreate Collaborative, Orem UT",iCreate Collaborative,UT,[iCreate Collaborative](https://www.icreatecollab.com),"1111 S. 1350 W. F40 (South side of building - Wolverine Crossing), Orem, UT 84058",Private microschool / homeschool enrichment center,"Clear launch-stage signals: limited public footprint, simple website, invite/tour/consultation flow, and very flexible enrollment options; appears small and operationally hands-on rather than enterprise-like. ([iCreate Collaborative website](https://www.icreatecollab.com/about--faq.html))","Hybrid homeschool support center combining microschool days, enrichment classes, summer camps, and homeschool parent support. ([iCreate Collaborative website](https://www.icreatecollab.com/about--faq.html))","Ages 5-18; grouped roughly 5-9, 9-12, 13-18, with elementary microschool 5-12, middle 12-14, and high school 14+. ([iCreate Collaborative website](https://www.icreatecollab.com/about--faq.html))","Likely very small; no student count published, and the organization appears to rely on a small family-founded staff and a private app for family communication. ([iCreate Collaborative website](https://www.icreatecollab.com/about--faq.html))","Microschool Mon/Wed; enrichment Tues/Thurs; full-day and part-day options; typical pricing stated as $350/year for 1 class or $1,400/day; monthly payments available; 2025-26 dates and registration windows are posted. ([iCreate Collaborative website](https://www.icreatecollab.com/about--faq.html))",['No clearly verified official social profiles found in the initial search set.'],"Public review evidence is sparse. A third-party homeschool directory lists iCreate Collaborative as a microschool in Orem, but I did not find a robust set of independent reviews. ([HomeTrail](https://hometrail.net/homeschooling-resources/microschool/icreate-collaborative))","['Offers flexible part-time and full-day enrollment for homeschool families. ([iCreate Collaborative website](https://www.icreatecollab.com/about--faq.html))', 'Combines academics with hands-on projects, entrepreneurship, leadership, and community support. ([iCreate Collaborative website](https://www.icreatecollab.com/about--faq.html))', 'Uses a private app for parent communication, suggesting an ongoing need for organized family updates. ([iCreate Collaborative website](https://www.icreatecollab.com/about--faq.html))', 'Publishes clear calendar windows, tuition terms, discounts, and registration steps. ([iCreate Collaborative website](https://www.icreatecollab.com/about--faq.html))']","['No public enrollment count, which suggests small scale and manual operations. ([iCreate Collaborative website](https://www.icreatecollab.com/about--faq.html))', 'Tuition is presented as program-dependent and can be complex across classes, days, discounts, and scholarship options. ([iCreate Collaborative website](https://www.icreatecollab.com/about--faq.html))', 'Tours and consultations appear to be handled through a contact form rather than a streamlined admissions funnel. ([iCreate Collaborative website](https://www.icreatecollab.com/about--faq.html))', 'Parent communication relies on a private app plus occasional text/email, which can create coordination overhead as the program grows. ([iCreate Collaborative website](https://www.icreatecollab.com/about--faq.html))', 'The site is informational but basic, with limited evidence of a mature online operations stack. ([iCreate Collaborative website](https://www.icreatecollab.com))']","This is a strong prospect for microschool operations software because it runs multiple schedule types, manages age-grouped classes, needs parent communication and calendar coordination, and appears to be small enough that streamlined enrollment, class management, and family updates would save meaningful admin time. ([iCreate Collaborative website](https://www.icreatecollab.com/about--faq.html))",4,"Medium-high: official site gives strong operational detail, but public size/reputation evidence is limited and social profiles were not clearly verified.","[iCreate Collaborative homepage](https://www.icreatecollab.com), [iCreate Collaborative About/FAQ](https://www.icreatecollab.com/about--faq.html), [HomeTrail listing](https://hometrail.net/homeschooling-resources/microschool/icreate-collaborative), [PPLX search results](https://www.perplexity.ai/search)"
"Link Education League, Layton UT",Link Education League,UT,[Link Education League](https://linkeducationleague.com),"587 N. Main St., Layton, UT 84041",Private hybrid homeschool / microschool-style learning center,"Founded in 2021; website shows active 2025-26 registration, but pages are fairly basic and some content still references older dates, suggesting a small launch-stage operation with a modest web presence.","Nonprofit, parent-partnered, child-centered hybrid homeschool program with project-based, multi-age classes and a fully insured drop-off format.",Core programs for ages 5-14; Nature and MUSE for ages 7-15; a pilot Epsilon program for 14+ was noted.,"Small. Website gives tight child-to-adult ratios of 12:1, 18-20:1, and 20-25:1, suggesting a limited-enrollment campus rather than a large school.","Tuition not clearly published in the sources reviewed. Schedule includes Lift Tue/Thu 9:00 am–3:00 pm or Tue only 9:00 am–3:00 pm, Nature Wed 12:00–3:00 pm, and MUSE Wed 10:30 am–3:00 pm; enrollment is open and mid-year sign-up is allowed.","['Facebook presence mentioned on the site, but no confirmed public profile handle was found in research.']",No substantial public review footprint was found in the search results; evidence is sparse and mostly limited to the school’s own site and a homeschool directory mention.,"['Clear niche positioning around hybrid homeschool and project-based learning', 'Multiple age-banded programs with recurring weekly rhythm', 'Strong emphasis on parent partnership and student-led learning', 'Offers both core academics-adjacent programming and enrichment-style classes', 'Published calendar and schedule details make the offering understandable']","['No tuition published in the reviewed pages', 'No clear online review base or reputation signal', 'Manual-feeling inquiry/contact process on a basic website', 'Uses multiple locations and class types, which can create scheduling and communication complexity', 'Parent committee requirement and varied class formats suggest coordination overhead']","This looks like a good fit for microschool operations software because it is small, parent-partnered, and schedule-heavy, with multiple program types, location-based offerings, enrollment questions, and ongoing family communication needs. A platform that handles inquiries, enrollment, calendars, class rosters, updates, and parent communication would likely reduce manual admin work.",4,"Medium-high. Official site gives strong evidence of model, location, schedule, and founding date, but tuition and social profile details remain incomplete.","[Home](https://linkeducationleague.com), [Mission & Philosophy](https://linkeducationleague.com/mission-philosophy/), [Program Overview](https://linkeducationleague.com/2025-26-program-overview/), [FAQs](https://linkeducationleague.com/faqs/), [Contact Us](https://linkeducationleague.com/contact-us/), [Calendar](https://linkeducationleague.com/calendar/), [Empowered Parents Utah directory mention](https://www.empoweredparentsutah.org/private-and-hybrid-schools.html)"
"Micah's Mission School, Mississippi","Micah's Mission School, Inc.",Mississippi,[Micah's Mission School](https://micahsmissionschool.org/),"Near downtown Vicksburg, inside Crawford Street United Methodist Church, Vicksburg, Mississippi",Private microschool / hybrid homeschool learning center,"Launch-stage, very small, and operationally scrappy: the school says it began in 2017 from the founder's home, later moved into a church space, and the public web presence is basic with simple pages, a PDF flyer, and limited third-party footprint. [Vicksburg News](https://vicksburgnews.com/micahs-mission-providing-support-and-resources-for-home-schooling/), [Micah's Mission School](https://micahsmissionschool.org/)","Faith-based hybrid learning and resource center; K-12 private microschool plus hybrid homeschool support and online learning. [About Us](https://micahsmissionschool.org/about_us.html), [Enrollment](https://micahsmissionschool.org/enrol.html)",K-12,"Likely very small; one source said about 50 students in 2022, another said 27 students in 2023, and the enrollment page lists only 7 private microschool seats, 10 online seats, and 15 hybrid homeschool seats. [Empower Mississippi](https://empowerms.org/microschools-take-off-in-mississippi/), [Vicksburg News](https://vicksburgnews.com/micahs-mission-providing-support-and-resources-for-home-schooling/), [Enrollment](https://micahsmissionschool.org/enrol.html)","Private microschool: $30/day; online learning: $50/month; hybrid homeschool: $30/day or $65/hour tutorial. A flyer shows weekday hours roughly 7:45 a.m.-4:00 p.m. with tutorials M-TH. [Enrollment](https://micahsmissionschool.org/enrol.html), [Micah's Mission School Flyer](https://0201.nccdn.net/1_2/000/000/0b9/349/2020-micahsmissionschoolflyer.pdf)",['[Facebook](https://facebook.com/micahsmission)'],"Public reputation evidence is limited. Coverage from local and state sources describes it positively as a microschool/hybrid option, but I did not find a meaningful volume of independent parent reviews or ratings. [Vicksburg News](https://vicksburgnews.com/micahs-mission-providing-support-and-resources-for-home-schooling/), [Magnolia Tribune](https://magnoliatribune.com/2023/03/21/former-public-school-teachers-are-earning-more-as-education-entrepreneurs/)","['Offers multiple delivery models in one place: private microschool, hybrid homeschool, online learning, and tutoring', 'Clearly serves a niche population including educationally at-risk students and students with disabilities', 'Emphasizes personalized, faith-based, small-group support', 'Publishes concrete tuition and seat availability, which helps families evaluate options']","['Enrollment and parent process appear partly manual and compliance-heavy, including truancy registration guidance', 'No robust software-like public portal is visible; information is spread across simple pages and a flyer', 'Small seat counts and mixed programs likely create scheduling, attendance, communication, and portfolio-tracking complexity', 'Funding model depends on tuition, grants, and donations, suggesting ongoing administrative overhead', 'Sparse external reviews and limited modern web presence may make parent communications and lead follow-up harder']","This is a strong fit for microschool operations software because Micah's Mission combines small-seat enrollment, hybrid homeschool coordination, class/tutor scheduling, parent partnership, and student portfolio management in one launch-stage environment. The school appears small enough to benefit quickly from tools for communication, enrollment, calendars, class management, and growth without enterprise-level complexity.",5,High,"[Micah's Mission School home](https://micahsmissionschool.org/index.html), [Micah's Mission About Us](https://micahsmissionschool.org/about_us.html), [Micah's Mission Enrollment](https://micahsmissionschool.org/enrol.html), [Micah's Mission flyer](https://0201.nccdn.net/1_2/000/000/0b9/349/2020-micahsmissionschoolflyer.pdf), [Vicksburg News coverage](https://vicksburgnews.com/micahs-mission-providing-support-and-resources-for-home-schooling/), [Empower Mississippi article](https://empowerms.org/microschools-take-off-in-mississippi/), [Magnolia Tribune article](https://magnoliatribune.com/2023/03/21/former-public-school-teachers-are-earning-more-as-education-entrepreneurs/)"
"CHOICE Learning Center Acton Academy, Bountiful UT",CHOICE Learning Center / CHOICE: An Acton Academy,UT,[CHOICE Academy](https://choice-education.org),"Bountiful/Woods Cross area, Utah; Acton listing shows 1423 West 500 South, Woods Cross, UT 84087, while LinkedIn lists 146 W 300 S, Bountiful, UT 84010 ([Acton Academy](https://actonacademy.org/campuses/choice-an-acton-academy/), [LinkedIn](https://www.linkedin.com/company/choice-education))",Private Acton-affiliated microschool / learning center,"Launched in 2020 and still described as only a few years into operation; job post says a guide start date of January 2025, suggesting continued growth and staffing buildout ([Cato Institute](https://www.cato.org/commentary/education-entrepreneurs-face-regulatory-hurdles-everywhere-state-trying-help), [CHOICE Academy](https://choice-education.org/guide-application/), [CHOICE Academy](https://choice-education.org/about-us/))","Learner-driven Acton-style campus with mixed-age studios, self-paced mastery, Socratic guidance, quests, and a hero/tribe framework ([CHOICE Academy](https://choice-education.org), [CHOICE Academy](https://choice-education.org/guide-application/), [Acton Academy](https://actonacademy.org))","Pre-K through 9; website shows Spark 4-7, Fire 7-11, Delta 11-14 ([CHOICE Academy](https://choice-education.org), [CHOICE Academy](https://choice-education.org/guide-application/))","Small but growing: reported as 29 students at launch in 2020 and 62 learners ages 4-13 with 7 employees in 2022; newer directory data suggests about 100 students ([Cato Institute](https://www.cato.org/commentary/education-entrepreneurs-face-regulatory-hurdles-everywhere-state-trying-help), [Niche](https://www.niche.com/k12/search/best-private-schools/t/woods-cross-davis-ut/))","Public tuition page was not accessible; the school’s hiring post references 7 hours in person Monday-Thursday, 36 weeks/year, which hints at a part-time/short-week operational model ([CHOICE Academy](https://choice-education.org/guide-application/))","['[LinkedIn](https://www.linkedin.com/company/choice-education)', '[Facebook](https://www.facebook.com/learningchoiceacademy/)']","Very limited public review volume. GreatSchools and PrivateSchoolReview list the campus, and Niche shows only 1 review on the Woods Cross profile, indicating sparse reputation data rather than broad market awareness ([GreatSchools](https://www.greatschools.org/utah/woods-cross/2864-CHOICE-An-Acton-Academy/), [Private School Review](https://www.privateschoolreview.com/choice-academy-profile/84087), [Niche](https://www.niche.com/k12/search/best-private-schools/t/woods-cross-davis-ut/))","['Clear, compelling mission and brand story', 'Distinct Acton-style learner-driven model', 'Defined studio structure for multiple age bands', 'Appears to have a growing community and parent demand']","['No easily accessible tuition page or transparent pricing', 'Likely manual inquiry/enrollment flow', 'Small staff to student base suggests coordination overhead', 'Mixed-age, part-time, and quest-based programming can increase scheduling and communication complexity', 'Public-facing web presence is somewhat sparse and light on operational details']","CHOICE looks like a small but growing Acton-affiliated microschool with limited public transparency, simple web presence, and likely manual coordination needs around enrollment, parent communication, class scheduling, and updates. That makes it a strong fit for microschool operations software, especially if they want to scale beyond the current cohort without adding admin burden.",4,"Medium-high. Core model, age bands, location, and early-scale evidence are well supported, but current tuition, exact enrollment, and current review volume are only partially visible.","[CHOICE Academy home](https://choice-education.org), [CHOICE about us](https://choice-education.org/about-us/), [CHOICE guide application](https://choice-education.org/guide-application/), [Acton campus listing](https://actonacademy.org/campuses/choice-an-acton-academy/), [Cato Institute article](https://www.cato.org/commentary/education-entrepreneurs-face-regulatory-hurdles-everywhere-state-trying-help), [Niche private schools list](https://www.niche.com/k12/search/best-private-schools/t/woods-cross-davis-ut/), [GreatSchools listing](https://www.greatschools.org/utah/woods-cross/2864-CHOICE-An-Acton-Academy/), [Private School Review](https://www.privateschoolreview.com/choice-academy-profile/84087), [LinkedIn](https://www.linkedin.com/company/choice-education), [Facebook](https://www.facebook.com/learningchoiceacademy/)"
"Innovation Academy Las Vegas, Las Vegas NV",Innovation Academy Las Vegas,NV,[Innovation Academy Las Vegas](https://innovationacademylv.com),"5705 N Rainbow Blvd, Las Vegas, NV 89130-1230",Private Montessori K-8 school with microschool-like positioning,"The site is active and updated recently, but the brand leans heavily on broad microschool language, tour-based sales, and FAQ-style tuition/grant explanations rather than a polished enrollment system; official content also emphasizes a hands-on paperwork process and low tuition positioning. [Innovation Academy Las Vegas](https://innovationacademylv.com), [Microschooling In Las Vegas](https://innovationacademylv.com/microschool/microschooling-in-las-vegas/), [Scholarships, Discounts, and Support](https://innovationacademylv.com/las-vegas-elementary/scholarships-private-las-vegas-elementary/)","Private Montessori-based K-8 school with STEAM curriculum; the school explicitly says it is 'many things' and fits several microschool attributes, including small classes and non-traditional spaces. [Microschooling In Las Vegas](https://innovationacademylv.com/microschool/microschooling-in-las-vegas/), [Gallery](https://innovationacademylv.com/gallery/)","K-8 on the website; AMS directory lists ages 5–14. [Innovation Academy Las Vegas](https://innovationacademylv.com), [Innovation Academy Private School](https://amshq.org/schools/innovation-academy-private-school-108668/)","About 85 students, per AMS directory. [Innovation Academy Private School](https://amshq.org/schools/innovation-academy-private-school-108668/)","Website says tuition is $800/month, with discounts, Nevada scholarships, and grants that may reduce it substantially; families are encouraged to tour and then complete paperwork with school help. [Scholarships, Discounts, and Support](https://innovationacademylv.com/las-vegas-elementary/scholarships-private-las-vegas-elementary/)","['[Facebook mention on official site](https://innovationacademylv.com/las-vegas-elementary/scholarships-private-las-vegas-elementary/)', '[Instagram mention on official site](https://innovationacademylv.com/microschool/microschooling-in-las-vegas/)']","Public review volume appears sparse from the school’s own footprint; third-party results surfaced mainly directory listings rather than robust review coverage. I did not find a strong review corpus for this school, which itself suggests limited public reputation data. [Innovation Academy Las Vegas](https://innovationacademylv.com), [Innovation Academy Private School](https://amshq.org/schools/innovation-academy-private-school-108668/)","['Clear positioning around individualized instruction and small classes. [Innovation Academy Las Vegas](https://innovationacademylv.com)', 'Montessori + STEAM differentiation with non-traditional learning spaces. [Microschooling In Las Vegas](https://innovationacademylv.com/microschool/microschooling-in-las-vegas/), [Gallery](https://innovationacademylv.com/gallery/)', 'Affordable private-school messaging with scholarships/grants support. [Scholarships, Discounts, and Support](https://innovationacademylv.com/las-vegas-elementary/scholarships-private-las-vegas-elementary/)']","['Enrollment appears tour- and paperwork-driven rather than self-serve. [Scholarships, Discounts, and Support](https://innovationacademylv.com/las-vegas-elementary/scholarships-private-las-vegas-elementary/)', 'Tuition and aid information is fragmented across pages, which can confuse families. [Scholarships, Discounts, and Support](https://innovationacademylv.com/las-vegas-elementary/scholarships-private-las-vegas-elementary/)', ""Microschool/hybrid identity is not fully standardized; the school says it is 'many things,' which may indicate operational complexity. [Microschooling In Las Vegas](https://innovationacademylv.com/microschool/microschooling-in-las-vegas/)"", 'Public social/review footprint appears limited, making growth and reputation management harder. [Innovation Academy Private School](https://amshq.org/schools/innovation-academy-private-school-108668/)']","This looks like a small private K-8 microschool-adjacent campus with manual admissions support, scholarship coordination, family communication needs, and likely complex scheduling/class management at a modest but growing scale. That is a strong fit for microschool operations software focused on parent communication, enrollment, calendars, updates, teacher support, and growth workflows. [Innovation Academy Las Vegas](https://innovationacademylv.com), [Microschooling In Las Vegas](https://innovationacademylv.com/microschool/microschooling-in-las-vegas/), [Scholarships, Discounts, and Support](https://innovationacademylv.com/las-vegas-elementary/scholarships-private-las-vegas-elementary/), [Innovation Academy Private School](https://amshq.org/schools/innovation-academy-private-school-108668/)",4,Medium-high,"[Innovation Academy Las Vegas](https://innovationacademylv.com), [Microschooling In Las Vegas](https://innovationacademylv.com/microschool/microschooling-in-las-vegas/), [Scholarships, Discounts, and Support](https://innovationacademylv.com/las-vegas-elementary/scholarships-private-las-vegas-elementary/), [Gallery](https://innovationacademylv.com/gallery/), [Innovation Academy Private School](https://amshq.org/schools/innovation-academy-private-school-108668/), [Innovation Academy search results](https://innovationacademylv.com/author/innovationacademy/), [Innovation Academy reviews search results](https://www.yelp.com/biz/innovations-international-charter-school-of-nevada-las-vegas)"
"Zoe Learning House, New Orleans LA",Zoe Learning House,Louisiana,[Zoe Learning House](https://zoelearninghouse.com),"5824 Berkley Drive, New Orleans, LA 70131; shared facility space at Woodland Presbyterian Church in Algiers, New Orleans",Private Christian hybrid academy / homeschool enrichment microschool,"Launched in fall 2024; founder said it started with 10 students in a living room and reached 50 students by Jan. 2026; site still relies on interest forms, tours, child visit days, and downloadable packets rather than a polished enrollment flow.",Hybrid homeschool academy plus 1-day enrichment program; families register as homeschool in Louisiana and Zoe functions as a tutor/enrichment partner.,K-4th grade for core programs; 5th grade may attend Wednesday enrichment case-by-case.,"Very small, likely roughly 50 students as of Jan. 2026 per founder interview; student-teacher ratio about 1:7.",Publicly listed schedule only: 1-day Wednesdays 10:00-3:00 (14-week fall/spring terms); 2-day Tuesdays/Thursdays 10:00-3:00 with optional Morning Spark 8:30-10:00; 3-day Tuesdays/Wednesdays/Thursdays 10:00-3:00 with optional Morning Spark 8:30-10:00. Tuition is not clearly posted; site says registration fees vary by program and asks families to inquire.,"['[Instagram](https://zoelearninghouse.com/about-us)', '[LinkedIn company page](https://www.linkedin.com/company/zoe-learning-house)', '[Emily Barnitz LinkedIn](https://www.linkedin.com/in/emilybarnitz)', '[YouTube: A New Orleans Microschool Success Story](https://www.youtube.com/watch?v=SIvOOQjbPzM)', '[YouTube: Fullness in Education](https://www.youtube.com/watch?v=QKYW6UsjTak)']","Third-party reputation evidence is sparse. I found a founder interview, an HSLDA listing, and self-published content, but no meaningful cluster of Google/Yelp-style reviews in the quick search results.","['Clear niche serving homeschool families in Greater New Orleans', 'Small-group, relationship-focused learning with low ratios', 'Strong creative/nature-based positioning', 'Helpful family support through curriculum guides, progress reports, parent conferences, and homeschool guidance', 'Flexible 1-day, 2-day, and 3-day options']","['Admissions looks manual and high-touch with interest forms, tour scheduling, child visit days, and assessments', 'Tuition/cost transparency is limited on the public site', 'Likely needs better parent communication and document management as it grows', 'Small team/founder wearing many hats suggests operational strain', 'Hybrid schedules, home-learning plans, and semester enrichment offerings create coordination complexity']","This looks like a strong fit for microschool operations software: a new, small hybrid learning center with manual admissions, multi-day scheduling, parent updates, curriculum coordination, and growth from launch-stage to a larger cohort. The school appears to need better systems for communication, enrollment, class management, calendars, and family engagement.",5,"High that this is a real, new, small microschool/hybrid learning center and a good prospect; medium on exact tuition because it is not publicly posted.","[Official website](https://zoelearninghouse.com), [Admissions page](https://zoelearninghouse.com/admissions), [Contact page](https://zoelearninghouse.com/contact), [About Us page](https://zoelearninghouse.com/about-us), [YouTube interview on launch and growth](https://www.youtube.com/watch?v=SIvOOQjbPzM), [LinkedIn company page](https://www.linkedin.com/company/zoe-learning-house), [Emily Barnitz LinkedIn](https://www.linkedin.com/in/emilybarnitz), [HSLDA listing](https://my.hslda.org/groups/s/account/001VS00000AXUnxYAH/zoe-learning-house)"
"Cultivate Studios Microschool, Mobile AL",Cultivate Studios Microschool,Alabama,[Cultivate Studios](https://www.cultivatestudiosmobile.com),"2344 Schillinger Rd S, 2C, Mobile, AL 36695",Private microschool / hybrid learning center,"Strong new-launch signal: the site positions the school as a modernized, experimental alternative, the admissions flow is interest form → coffee chat + tour → registration, and a 2024 interview says the owner pivoted into microschooling after running a play café and launched this model in the past few years. ([Cultivate Studios](https://www.cultivatestudiosmobile.com/apply), [Play Cafe Academy interview](https://www.youtube.com/watch?v=ywPFxv7JhG0))","Christ-centered microschool with play-based and project-based learning; guides, mixed-age studios, and a flexible modernized learning environment. ([Cultivate Studios](https://www.cultivatestudiosmobile.com), [About](https://www.cultivatestudiosmobile.com/about))","Ages 4-12 / mixed-age studios (4-6, 6-8, 8-12). ([Cultivate Studios](https://www.cultivatestudiosmobile.com), [Play Cafe Academy interview](https://www.youtube.com/watch?v=ywPFxv7JhG0))","Likely very small; the school says it purposefully maintains a small environment and limited placements, but no public enrollment count is posted. ([Admissions](https://www.cultivatestudiosmobile.com/apply))","Tuition is not publicly listed. The calendar says they operate on an 11-month extended calendar, and the interview says they run a 4-day school week with morning tour availability. ([Calendar](https://www.cultivatestudiosmobile.com/calendar), [Play Cafe Academy interview](https://www.youtube.com/watch?v=ywPFxv7JhG0))","['[YouTube promo video](https://www.youtube.com/watch?v=wQHavlszJa0)', '[Play Cafe Academy interview featuring Cultivate Studios](https://www.youtube.com/watch?v=ywPFxv7JhG0)', '[LinkedIn profile for founder Sydney Loper](https://www.linkedin.com/in/sydneyloper)']","Public reviews are sparse. The website features a few parent testimonials, but I did not find a robust Google/Yelp review footprint in the search results. ([Cultivate Studios](https://www.cultivatestudiosmobile.com), [Google/Yelp search results](https://www.cultivatestudiosmobile.com))","['Clear niche positioning as a Christ-centered, modern microschool', 'Mixed-age, relationship-based learning model', 'Strong parent-facing marketing language and testimonial use', 'Operationally thoughtful admissions funnel with info kit, tour, and registration steps']","['No public tuition page', 'No public enrollment count or capacity details', 'Manual-looking inquiry and tour process', 'Likely high-touch parent communication needs', 'Possible scheduling/calendaring complexity with extended calendar and mixed-age studios', 'Little visible third-party reputation evidence']","This looks like a small, relationship-driven microschool with limited placements, a manual admissions flow, and likely a lot of recurring parent updates, scheduling, and class coordination. That is a strong fit for microschool operations software, especially if they want to scale beyond a tiny founding cohort. ([Admissions](https://www.cultivatestudiosmobile.com/apply), [About](https://www.cultivatestudiosmobile.com/about), [Play Cafe Academy interview](https://www.youtube.com/watch?v=ywPFxv7JhG0))",5,High,"[Main website](https://www.cultivatestudiosmobile.com), [About page](https://www.cultivatestudiosmobile.com/about), [Admissions page](https://www.cultivatestudiosmobile.com/apply), [Calendar](https://www.cultivatestudiosmobile.com/calendar), [Join the Team](https://www.cultivatestudiosmobile.com/jointheteam), [YouTube promo video](https://www.youtube.com/watch?v=wQHavlszJa0), [Play Cafe Academy interview](https://www.youtube.com/watch?v=ywPFxv7JhG0), [Founder LinkedIn](https://www.linkedin.com/in/sydneyloper)"
"Kineo School, Kirkland WA",The Kineo School,Washington,[The Kineo School](https://www.kineoschool.org),"7525 132nd Ave NE, Kirkland, WA 98033 (South Rose Hill / between Bellevue and Kirkland)",Private microschool / independent K-5 school,"Strong microschool signal, but not new: public materials describe it as an accredited K-5 independent school with rolling admissions, active 2026 tuition page, and a live website; it looks small and highly individualized rather than stale or inactive.","Private, tuition-funded, neurodivergent-friendly microschool / one-room-schoolhouse-style K-5 with multi-age, ability-based grouping and specialists (OT/speech referenced in coverage).",K-5,About 10 students with 2 teachers plus specialists per recent coverage; private-school directories list 13 students and max class size 15.,"2026-2027 tuition is $24,800 plus fees; total for new families about $27,672. Rolling admissions. School day is Mon-Thu 8:30am-3:00pm and Fri 8:30am-2:00pm.",['[Facebook](https://www.facebook.com/thekineoschool/)'],"Very positive but sparse public review footprint. Niche shows 5.0 rating from about 12 reviews, and PrivateSchoolReview summarizes mostly strong parent feedback. Review volume is still low, which fits a small school.","['Highly personalized instruction for neurodivergent learners', 'Very small class sizes and low student-teacher ratio', 'Clear microschool positioning and family-centered messaging', 'Rolling admissions and transparent tuition page', 'Structured daily schedule with multiple academic blocks and recesses']","['Small staff likely creates manual workload for parent communication, enrollment, scheduling, and billing', 'Limited public review volume and light social presence', 'Website has a simple, school-marketing style presence rather than a robust parent portal', 'Facilities page was not readily accessible via fetch, suggesting some site navigation friction or page issues', 'Tuition and aid details are visible, but deeper operational info appears limited publicly']","Kineo looks like an ideal fit for microschool operations software: it is small, tuition-funded, family-facing, and likely managing individualized communication, rolling admissions, calendar coordination, and student progress across a tiny staff. A platform that reduces admin overhead and improves parent updates would likely be valuable.",4,High,"[The Kineo School](https://www.kineoschool.org), [Tuition fees - The Kineo School](https://www.kineoschool.org/tuition), [FAQ's - The Kineo School](https://www.kineoschool.org/faqs), [Microschools in Washington State Are Catching On - Seattle's Child](https://www.seattleschild.com/microschools-washington-state/), [The Kineo School in Kirkland, WA - Niche](https://www.niche.com/k12/the-kineo-school-kirkland-wa/), [The Kineo School (Top-Ranked Private School for 2026) - Private School Review](https://www.privateschoolreview.com/the-kineo-school-profile), [The Kineo School | Kirkland WA - Facebook](https://www.facebook.com/thekineoschool/), [The Kineo School – Washington Autism Alliance Resources](https://washingtonautismalliance.org/resources/business-providers/the-kineo-school/)"
"Hilton Horizons Academy, Kingsport TN",Hilton Horizons Academy,Tennessee,[Hilton Horizons Academy](https://www.hiltonhorizonsacademy.com),"Kingsport, TN; also serves Johnson City, TN",Private microschool / hybrid homeschool learning center,"Strongly launch-stage: the site describes it as a new hybrid microschool, the FAQ says it is homeschooled/virtual-school based, and a 2024 local news mention says it was the first of its kind in the area; a 2025 interview says it was still ""really fresh"" and had 22 enrolled kids. ([Hilton Horizons Academy](https://www.hiltonhorizonsacademy.com/faq), [Johnson City Press](https://johnsoncitypress.com/news/116534/minding-your-business-regional-tourism-drawing-visitors-in/), [YouTube interview](https://www.youtube.com/watch?v=eDQGaFA83lg))","Hybrid microschool with part-time/full-time drop-off options, homeschool support, project-based learning, afternoon enrichment, and 1:1 coaching. ([Hilton Horizons Academy](https://www.hiltonhorizonsacademy.com), [Hilton Horizons Academy program](https://www.hiltonhorizonsacademy.com/program), [Hilton Horizons Academy FAQ](https://www.hiltonhorizonsacademy.com/faq))","K-12 on the homepage; program page emphasizes elementary and middle school, and the FAQ says homeschool/virtual-school students. ([Hilton Horizons Academy](https://www.hiltonhorizonsacademy.com), [Hilton Horizons Academy program](https://www.hiltonhorizonsacademy.com/program), [Hilton Horizons Academy FAQ](https://www.hiltonhorizonsacademy.com/faq))",Very small; a 2025 interview states 22 kids enrolled. ([YouTube interview](https://www.youtube.com/watch?v=eDQGaFA83lg)),"Two-, three-, and five-day options; hours are 8:30am-3:30pm; tuition is $3,600/year for 2 days, $5,100/year for 3 days, and $7,950/year for 5 days, with monthly and semester payment plans. ([Hilton Horizons Academy pricing](https://www.hiltonhorizonsacademy.com/pricing), [Hilton Horizons Academy FAQ](https://www.hiltonhorizonsacademy.com/faq), [Hilton Horizons Academy calendar](https://www.hiltonhorizonsacademy.com/calendar))","['[YouTube interview with Candice Hilton](https://www.youtube.com/watch?v=eDQGaFA83lg)', '[YouTube local feature](https://www.youtube.com/watch?v=QVilBE4xlQc)']","Public reputation evidence is sparse. The website includes one testimonial, local coverage notes a ribbon cutting and describes it as the first hybrid microschool in the area, and KaiPod lists one parent review saying the new location is exciting. ([Hilton Horizons Academy homepage](https://www.hiltonhorizonsacademy.com), [Johnson City Press](https://johnsoncitypress.com/news/116534/minding-your-business-regional-tourism-drawing-visitors-in/), [KaiPod Learning](https://www.kaipodlearning.com/microschools-near-me/hilton-horizons-academy-johnson-city/))","['Clear niche positioning as a hybrid microschool for homeschool families', 'Flexible schedules and multiple attendance options', 'Small-group and 1:1 academic support', 'Hands-on enrichment and project-based learning', 'Uses certified educators and highlights community partnerships']","['Enrollment, parent communication, scheduling, and tuition workflows likely handled manually or with light tools', 'Website appears basic and content-heavy rather than software-driven', 'Limited public review footprint and limited visible operational infrastructure', 'Multiple program days, two locations, and mixed-age/hybrid logistics increase coordination complexity', 'Inquiry flow relies on contact form/email and a scheduled call rather than a structured enrollment system']","This looks like a strong fit for microschool operations software: it is small, newly launched, hybrid, and operationally complex, with flexible schedules, tuition plans, parent communication needs, and growth potential from a tiny base. The school appears to be exactly the kind of launch-stage microschool that benefits from a single system for inquiries, enrollment, calendars, updates, and family communication. ([Hilton Horizons Academy contact](https://www.hiltonhorizonsacademy.com/contact), [Hilton Horizons Academy pricing](https://www.hiltonhorizonsacademy.com/pricing), [Hilton Horizons Academy calendar](https://www.hiltonhorizonsacademy.com/calendar), [Hilton Horizons Academy FAQ](https://www.hiltonhorizonsacademy.com/faq))",5,High,"[Hilton Horizons Academy](https://www.hiltonhorizonsacademy.com), [Contact Us](https://www.hiltonhorizonsacademy.com/contact), [Pricing](https://www.hiltonhorizonsacademy.com/pricing), [Calendar](https://www.hiltonhorizonsacademy.com/calendar), [Program](https://www.hiltonhorizonsacademy.com/program), [FAQ](https://www.hiltonhorizonsacademy.com/faq), [Meet Our Team](https://www.hiltonhorizonsacademy.com/ourteam), [Johnson City Press](https://johnsoncitypress.com/news/116534/minding-your-business-regional-tourism-drawing-visitors-in/), [YouTube interview](https://www.youtube.com/watch?v=eDQGaFA83lg), [KaiPod Learning](https://www.kaipodlearning.com/microschools-near-me/hilton-horizons-academy-johnson-city/), [Stories & Features](https://www.hiltonhorizonsacademy.com/stories)"
"WonderHere, Lakeland FL",WonderHere,Florida,[WonderHere Lakeland](https://wonderhere.com/lakeland-florida/),"5120 Colbert Rd, Lakeland, FL 33812",Private microschool / homeschool hybrid learning center,"Founded in 2016, but the Lakeland campus still shows a launch-style, family-run microschool presence with application/waitlist flow, multiple small programs, and a broad campus/program mix rather than a polished enterprise school system. The official site emphasizes small scale and limited space, and the schoolhouse is currently full with a waitlist for 25/26.","Play-based, project-driven, personalized private Schoolhouse plus homeschool programs, camps, farm programs, co-op, and Friday school; Family-Style™ multi-age model with teacher mentorship.","Schoolhouse: generally K-5, with Minis for ages 3.5-4; homeschool programs range roughly ages 0-18 depending on offering.","Small; official site calls it a small private school, and the schoolhouse page says space is very limited. Public coverage says the Lakeland model serves 100+ full-time students plus additional homeschool/enrichment participants, but the campus-specific active schoolhouse appears much smaller.","Schoolhouse tuition listed at $6,000/year half-day Mon-Thu 8:30 AM-12:30 PM; $7,000/year full-day Mon-Thu 8:30 AM-3 PM; $9,000/year full-day plus Friday School Mon-Fri 8:30 AM-3 PM. Homeschool options include Part-Time School, Friday School, Co-Op, Wilderness Workshops, Toddler Farm School, and others with varying schedules.","['[Instagram](https://www.instagram.com/wonderhere/)', '[Facebook](https://www.facebook.com/wonderhere)']","Sparse formal review footprint. A Lakeland Mom listing and chamber listing confirm the business details, while news coverage portrays the school positively and notes family-style learning. A public review on a curriculum site and reporting suggest some families may want more academic structure, but overall reputation appears niche and favorable rather than broad-market reviewed.","['Clear niche positioning around play-based, nature-based, project-driven learning', 'Multiple program types that serve homeschoolers, campers, toddlers, and school-age children', 'Strong community-building and flexible schedule options', 'Farm-based experiential environment', 'Visible tuition and schedule transparency on the official site']","['Application-based enrollment with separate applications per child', 'Waitlist/full-capacity messaging suggests ongoing admission management overhead', 'Many program types and age bands create scheduling and communications complexity', 'Families may need frequent updates across schoolhouse, homeschool, camp, and farm offerings', 'Extra-step inquiry process for enrichment add-ons and program selection', 'Likely manual coordination for part-time, Friday, and mixed-age programs']","WonderHere looks like a strong fit for microschool operations software because it runs multiple small, flexible programs with part-time/full-time schedules, waitlists, separate applications, age-based cohorts, and parent-facing communications needs across schoolhouse, homeschool, and farm offerings.",5,High,"[WonderHere Lakeland official page](https://wonderhere.com/lakeland-florida/), [Lakeland Schoolhouse official page](https://wonderhere.com/schoolhouse/), [Lakeland Homeschool Programs official page](https://wonderhere.com/homeschool-programs/), [Lakeland Now on WonderHere pilot](https://www.lkldnow.com/polk-schools-approve-wonderhere-pilot-at-philip-obrien-elementary/), [LKLD Now on national prize recognition](https://www.lkldnow.com/lakeland-born-wonderhere-wins-national-education-prize-for-rethinking-how-kids-learn/), [Lakeland Chamber listing](https://web.lakelandchamber.com/Education/WonderHere-5837), [Lakeland Mom listing](https://lakelandmom.com/listing/wonderhere/), [CanvasRebel profile](https://canvasrebel.com/meet-wonderhere/), [Yass Prize awardee page](https://yassprize.org/awardees/wonderhere/), [GreatSchools profile](https://www.greatschools.org/florida/lakeland/20638-Wonderhere-Academy/), [Private School Review profile](https://www.privateschoolreview.com/wonderhere-academy-profile)"
"Kingdom Leadership Academy Gulf Coast, United States",Kingdom Leadership Academy Gulf Coast,Mississippi,[Kingdom Leadership Academy](https://klagulfcoast.org),"18024 Dedeaux Clan Road, Gulfport, MS 39507",Private Christian microschool / homeschool hybrid learning center,Founded in 2023; small launch-stage program; basic WordPress-style website with sparse navigation and manual inquiry/registration flow.,Microschool with homeschool hybrid support; individualized instruction / Biblical worldview; full-time or 2x2 model.,"Grades 1-6, with plans to expand to middle school.",Likely very small; the school describes microschool groups of up to 10 students in a single area.,"2024-25 registration fee $200; tuition $4,500/year for first student, $4,365 second, $4,275 third; monthly options for 10-month or 12-month payment plans; admission requires contact, form completion, and interview.",[],"I did not find substantial public review volume or prominent social profiles in the quick search, which suggests limited online reputation evidence so far.","['Clear niche as a private Christian microschool/hybrid center', 'Very small-group, individualized instruction model', 'Strong parent partnership and interview-based admissions', 'Uses named curriculum (BJU Press) and diagnostic testing', 'Offers flexible full-time and 2x2 homeschool-compatible options']","['Manual registration and interview process', 'Basic website with limited operational detail', 'No obvious online calendar, parent portal, or communications tooling visible', 'Limited public review footprint', 'Likely small staff needing help coordinating enrollment, family communication, classes, and schedules']","This looks like an early-stage, very small microschool/hybrid center that could benefit from software for parent communication, enrollment, class scheduling, updates, and operational organization as it grows.",4,"High on school model, location, and tuition; medium on social/reputation because public evidence was limited.","[Official homepage](https://klagulfcoast.org), [About Kingdom Leadership Academy](https://klagulfcoast.org/about-kingdom-leadership-academy/), [Admissions](https://klagulfcoast.org/admissions/), [Contact Us](https://klagulfcoast.org/contact/), [Search results for social/review evidence](https://www.klagulfcoast.org)"
"Ignite Microschool, Greenville SC",Ignite Microschool / Ignite Learning Center,South Carolina,[Ignite Learning Center microschool page](https://www.igniteingenuity.org/ignite-microschool),"Greenville, SC; site also references Greenville, SC, USA and a specific Greenville address of 216 Bransfield Rd from charity/listing references",Private microschool / homeschool support center,"Founded by 2018 according to the founder bio and the site has older page dates (2016/2020) but still has active 2025 enrollment language; the web presence is fairly basic and light on operational detail, with no clear tuition or application flow posted.",Two-day-a-week STEAM microschool supporting homeschool and unschool families; also offers after-school classes and summer camps.,K-8 on the microschool page; other pages mention ages 6-13 for camps and 7-12 on a separate enrollment page for microschool support classes.,Very small / likely launch-stage or boutique; no enrollment count posted. The wording suggests a community of families rather than a large campus.,Two-day-a-week microschool model; specific days include Monday/Thursday for ages 9-12 and Wednesday/Thursday for ages 7-9. Tuition is not publicly posted.,"['Facebook presence is implied by the site’s enrollment page mentioning sign-ups through the website or Facebook page, but a clean official profile was not clearly confirmed in the research.', 'No verified Instagram profile was found in the current search results.']","Public reputation evidence is sparse. The strongest third-party signal is a local Greenville homeschool guide and award listing that describes Ignite as a microschool and learning center, but there were no robust review pages or large review volume found.","['Clear niche in STEAM-focused homeschool support', 'Hands-on project-based programming in robotics, coding, engineering, art, and economics', 'Appears to serve both homeschool and traditionally schooled families', 'Offers multiple program types beyond the microschool, including camps and after-school classes']","['No tuition published', 'Enrollment/tour process is vague and appears manual', 'No clear student capacity or staffing detail', 'Basic website with limited operational transparency', 'Likely relies on manual parent communication and sign-up workflows', 'Schedule, grade bands, and offerings are spread across multiple pages']","This looks like a strong fit for microschool operations software because it is small, family-facing, hybrid/homeschool-oriented, and appears to manage enrollment and program communication in a lightweight/manual way. A system for parent communication, enrollment, calendars, class management, and growth tracking would likely reduce admin friction as the program expands.",4,"Medium-high. Official pages clearly confirm the microschool model, ages, schedule, and location, but size and tuition remain unlisted and social/review evidence is limited.","[Ignite Microschool page](https://www.igniteingenuity.org/ignite-microschool), [Ignite Learning Center home page](https://www.igniteingenuity.org), [Schedule a Call / enrollment page](https://www.igniteingenuity.org/scheduleacall), [Kidding Around Greenville homeschool guide](https://kiddingaroundgreenville.com/guide_categories/homeschool-co-ops), [Kidding Around Greenville awards listing](https://kiddingaroundgreenville.com/guide_categories/top-homeschool-co-op-association), [GoFundMe charity profile](https://www.gofundme.com/charity/ignite-learning-center)"
"Primer Microschools Huntsville, Huntsville AL",Primer Microschools Huntsville,AL,[Huntsville - Primer](https://primer.com/schools/huntsville-al),"4217 9th Ave SW, Huntsville, AL 35805",Private microschool / K-8 campus,"Newer launch-stage campus; Primer says it founded in 2019, opened its first campus in 2023, and expanded to Alabama in 2025. The Huntsville page and Eventbrite listings suggest active admissions and a still-growing local presence. [Primer company page](https://primer.com/company), [Huntsville - Primer](https://primer.com/schools/huntsville-al), [Primer Microschools Open Houses](https://www.eventbrite.com/cc/primer-microschools-open-houses-3211589)","Teacher-led, foundations-first microschool with mixed-age K-8 classes and a one-room-schoolhouse-inspired model. Primer describes it as a new model of education centered on close guidance and personalized learning. [Primer company page](https://primer.com/company), [Huntsville - Primer](https://primer.com/schools/huntsville-al)",K-8,Small campus; no official enrollment count found. Mixed-age structure and microschool branding indicate a very small student body relative to traditional private schools. [Huntsville - Primer](https://primer.com/schools/huntsville-al),"Total tuition is $10,500 per year, with scholarships covering the remaining balance; $20 enrollment fee. Open house RSVP and admissions are listed as open, but no full public calendar or weekly schedule was found on the campus page. [Huntsville - Primer](https://primer.com/schools/huntsville-al), [Primer Microschools Open Houses](https://www.eventbrite.com/cc/primer-microschools-open-houses-3211589)","['[Primer Facebook](https://www.facebook.com/WithPrimer/)', '[Primer Instagram](https://www.instagram.com/withprimer/)', '[Primer LinkedIn](https://ca.linkedin.com/company/primermicroschools)']","Direct Huntsville review volume appears sparse. The official site includes parent testimonials, but I did not find a strong independent local review trail for the Huntsville campus in the search results. [Huntsville - Primer](https://primer.com/schools/huntsville-al), [Primer Microschools Huntsville reviews search results](https://www.google.com/search?q=Primer+Huntsville+reviews)","['Clear private microschool positioning with a defined K-8 offer', 'Strong branding around personalized, teacher-led learning', 'Attractive physical space in a repurposed former school building', 'Active admissions and event-based parent outreach']","['No clear public student-count disclosure', 'No detailed public calendar or daily schedule found on the campus page', 'Admissions process appears to rely on open houses/RSVPs and direct contact', 'Sparse independent review footprint for the Huntsville campus', 'Likely needs ongoing parent communication and class coordination across mixed-age groups']","Primer Huntsville looks like a small, newly expanded campus with admissions activity, mixed-age classes, and likely high coordination needs around parent communication, enrollment, calendars, and class management. That makes it a strong fit for microschool operations software if they are still building internal systems.",4,Medium-high,"[Huntsville - Primer](https://primer.com/schools/huntsville-al), [Primer company page](https://primer.com/company), [Primer Microschools Open Houses](https://www.eventbrite.com/cc/primer-microschools-open-houses-3211589), [Primer LinkedIn](https://ca.linkedin.com/company/primermicroschools), [Primer Facebook](https://www.facebook.com/WithPrimer/), [Primer Instagram](https://www.instagram.com/withprimer/), [Huntsville City Schools Artemis article](https://www.huntsvillecityschools.org/article/1375972)"
"Elite Performance Prep Academy, Florida Panhandle",Elite Performance Prep Academy,Florida,"[Elite Performance Prep Academy – Freeport, FL](https://www.eliteperformanceprepacademy.com/freeport-fl/)","Freeport / Florida Panhandle; also listed in the Panhandle location set with Panama City Beach and Pensacola, FL.",Private microschool / homeschool learning center,"Appears launch-stage or expansion-stage in Florida, with a sparse location page, generic site copy, and limited public review footprint for the Florida Panhandle location.","Microschool / homeschool learning center with academic coaching, tutoring, electives, online classes, and live instruction; not a traditional brick-and-mortar school.",K-12 online and in-person offerings are referenced; exact grade-by-grade availability is not clearly stated on the Freeport page.,Very small-to-small; exact enrollment not published. The site’s 1:10 teacher-to-student ratio and manual enrollment cues suggest a tiny operation or cohort-based model.,"Published pricing is limited, but search results indicate Freeport live instruction at $10,000 per academic year for 4 days/week, or $6,000 per academic year for 2 days/week; online is listed at $7,500 per academic year. The services page also says the microschool meets 4 days/week for about 3.5 hours/day.","['[Facebook](https://www.facebook.com/ElitePerformancePrepAcademy/)', '[YouTube](https://www.youtube.com/watch?v=UcLDazlwiKY)']","Public reviews for the Florida Panhandle location are sparse. Search results mostly surfaced the academy’s own pages or unrelated similarly named schools, which suggests low third-party review volume and limited local reputation evidence.","['Offers a clearly defined microschool / homeschool support model', 'Includes academic coaching, tutoring, electives, and virtual classes', 'Communicates a small-group, personalized learning approach', 'Has published service categories and at least some pricing structure']","['Public website pages are thin and somewhat generic for the Florida location', 'Enrollment appears to rely on direct contact/schedule-an-appointment steps', 'Tuition and schedule details are not easy to find in one place', 'Likely needs better parent communication, calendar management, and enrollment workflow', 'Multi-location growth could create operational complexity across campuses and cohorts']","This looks like a strong fit for microschool operations software because it is a small, parent-facing learning center model with multiple service lines, cohort scheduling, manual inquiry flow, and likely need for communication, enrollment, class management, and growth coordination.",4,"Medium-high. Official site evidence is strong for the model and services, but Florida Panhandle-specific enrollment size and review data are limited.","[Elite Performance Prep Academy Freeport page](https://www.eliteperformanceprepacademy.com/freeport-fl/), [Elite Performance Prep Academy locations](https://www.eliteperformanceprepacademy.com/list-of-locations/), [Elite Performance Prep Academy services](https://www.eliteperformanceprepacademy.com/services/), [Elite Performance Prep Academy tuition & fees](https://www.eliteperformanceprepacademy.com/tuition-fees/), [Elite Performance Prep Academy Facebook](https://www.facebook.com/ElitePerformancePrepAcademy/), [Elite Performance Prep Academy YouTube](https://www.youtube.com/watch?v=UcLDazlwiKY)"
"Paideia Christian Academy, Pensacola FL",Paideia Christian Academy,Florida,[paideiachristian.academy](https://paideiachristian.academy),"Pensacola, FL (unverified; available evidence instead points to unrelated Paideia schools in Marion, IA and Prosser, WA)",Unclear / likely not a verified Pensacola microschool,"Signals are inconsistent and possibly outdated or mismatched: the domains found point to other states, and the academy appears to be in a meeting/accreditation stage rather than a mature, well-documented campus.","Likely classical Christian start-up / launch-stage academy, but the Pensacola entity could not be verified from public sources",Not clearly stated in the available sources,Unknown; likely very small or pre-launch based on board-meeting language and lack of enrollment data,Not publicly clear in the sources found,['[Facebook result for a different Paideia school](https://www.facebook.com/PaideiaClassicalChristianSchool/)'],"No reliable Pensacola-specific reviews found. Search results surfaced reviews for other Paideia schools in other states, which are not a fit for this entity.","['Classical Christian positioning', 'Parent-partnership messaging', 'Early-stage community-building and accreditation/incorporation work']","['Identity/location confusion across domains', 'No clear public tuition, grades, or enrollment details', 'Likely manual inquiry/admissions workflow', 'Sparse online presence and no clear social proof for Pensacola', 'Operational overhead around launch-stage communication and parent coordination']","If this is a real, very small launch-stage microschool or hybrid Christian academy, it could benefit from enrollment tracking, parent communication, calendars, class management, and lightweight operations tooling. However, because the Pensacola identity is not well verified and the public footprint is inconsistent, the prospect is lower priority until the school can be confirmed.",2,Low,"[Paideia Christian Academy](https://paideiachristian.academy), [PAIDEIA Christian Academy - Prosser, WA](https://www.paideiachristian.com), [Contact - PAIDEIA Christian Academy](https://www.paideiachristian.com/contact), [Paideia Christian Academy search result](https://www.paideiachristian.com/academics), [Paideia Academy reviews on Niche](https://www.niche.com/k12/paideia-academy-knoxville-tn/reviews/)"
"Valley Leadership Academy, Huntsville AL",Valley Leadership Academy,Alabama,"[Valley Leadership Academy | Huntsville, Alabama](https://www.valleyleadershipacademy.org)","601 Monte Sano Blvd SE, Huntsville, AL 35801; meets at Monte Sano United Methodist Church",Private hybrid school / hybrid homeschool learning center,"Small, relationship-driven, and manually oriented; site uses personal inquiry language like “Come talk to us!”, gives limited operational detail on some pages, and appears to rely on direct family contact rather than a robust enrollment portal. The school is clearly active, but not obviously enterprise-like.","Hybrid nonprofit school combining homeschool flexibility with in-person school community, core classes, enrichment, leadership/character development, and learning coaches","K-12; specific age bands are not fully stated, but admissions and team pages reference K-2, 3-5, 6-8, 9-12","Small to mid-sized; no enrollment count published. Staff structure is lean and sectioned by grade bands, suggesting a relatively small campus or program.","Open Monday-Thursday, 8:30am-2:30pm. Tuition varies by grade and attendance pattern: K tuition ranges from $1,600 to $9,600/year depending on days and half/full day; grades 1-8 range from $2,300 to $9,700/year; high school range from $2,400 to $10,000/year. $50 application fee and $500 enrollment fee total.",['[X / Twitter](https://x.com/valleylacademy?lang=en)'],"Public reviews are sparse. I found positive community chatter in a Huntsville Facebook group and Reddit thread, but no large review footprint. The school is mentioned favorably as a hybrid nonprofit option, with families describing it as a fit for collaborative learning.","['Clear hybrid homeschool-to-school community model', 'Strong emphasis on character, leadership, and individualized learning', 'Offers core academics plus enrichment and high school credit options', 'Flexible curriculum stance for families', 'Learning-coach support and outdoor/independent study elements']","['No obvious online application workflow; admissions appear inquiry-driven', 'Limited transparency on enrollment size and staffing', 'Schedule details are partial and course calendars are not prominently published', 'Tuition is complex with multiple attendance tiers', 'No visible parent communication or operations software layer on the public site', 'Public reputation footprint is thin, making growth-stage operations harder to assess']","This looks like a strong fit for microschool operations software because it is a small hybrid program with multi-day attendance options, differentiated tuition, grade-band administration, learning coaches, and a likely need to manage family communication, enrollment, schedules, class rosters, and updates in a more organized way.",4,"Moderate-high. Official site evidence is strong for model, schedule, and tuition; student size and review depth remain limited.","[Official website](https://www.valleyleadershipacademy.org), [Admissions](https://www.valleyleadershipacademy.org/admissions), [FAQ](https://www.valleyleadershipacademy.org/faq), [Student Life](https://www.valleyleadershipacademy.org/student-life), [Our Team](https://www.valleyleadershipacademy.org/our-team), [Contact](https://www.valleyleadershipacademy.org/contact), [X profile](https://x.com/valleylacademy?lang=en), [Facebook discussion](https://www.facebook.com/groups/2611391522211616/posts/8890821157601923/), [Reddit discussion](https://www.reddit.com/r/HuntsvilleAlabama/comments/1r5nry6/opinions_on_valley_leadership_academy/), [Monte Sano Civic Association listing](https://www.montesanocivicassociation.org/orgs)"
"Prestige Homeschool Academy, Florida Panhandle",Prestige Homeschool Academy,Florida,[Prestige Homeschool Academy](https://prestigehomeschoolacademy.com),"203 John Sims Parkway West, Niceville, FL 32578",Private microschool / homeschool hybrid drop-off program,"Likely launch-stage and small: Florida nonprofit formed in 2023, site says it is accepting applications for the 25/26 year, and it serves very small classes with waitlists and month-to-month enrollment. ([Sunbiz](https://search.sunbiz.org/Inquiry/CorporationSearch/SearchResults?InquiryType=EntityName&InquiryDirectionType=PreviousRecord&SearchTerm=PRESTIGE+HOUSING+SERVICE+INC&SearchNameOrder=PRESTIGEHOMESCONSTRUCTION+L100000389650&ListNameOrder=PRESTIGEHOMESATINTERNATIONALGA+7542950&Detail=FL.DOS.Corporations.Shared.Contracts.FilingRecord), [Prestige Homeschool Academy FAQ](https://prestigehomeschoolacademy.com/frequently-asked-%3F), [Prestige Homeschool Academy Contact](https://prestigehomeschoolacademy.com/contact-us))",Project-based homeschool drop-off program / hybrid homeschool learning center with certified teachers and small-group classes,"K-8, with classes listed as K ages 5-6; 1st-2nd ages 7-8; 3rd ages 8-9; 4th-5th ages 10-11; 6th-8th ages 12-15. ([Prestige Homeschool Academy FAQ](https://prestigehomeschoolacademy.com/frequently-asked-%3F))","Very small; classes start at 12 students max, and the FAQ says their largest enrollment is the 2-day drop-off program. ([Prestige Homeschool Academy FAQ](https://prestigehomeschoolacademy.com/frequently-asked-%3F), [Prestige Homeschool Academy What We Do](https://prestigehomeschoolacademy.com/what-we-do))","$400/month per student for the 2-day/week option plus a $200 non-refundable registration deposit; options are M/W 9-2, T/Th 9-2, or 4 days. They follow an Okaloosa County-style calendar and likely do Friday field trips. ([Prestige Homeschool Academy FAQ](https://prestigehomeschoolacademy.com/frequently-asked-%3F), [Prestige Homeschool Academy Contact](https://prestigehomeschoolacademy.com/contact-us), [Prestige Homeschool Academy Calendar](https://prestigehomeschoolacademy.com/important-dates))",['No clearly verified official social profiles found in the search results; the website itself is the primary public presence. ([Prestige Homeschool Academy website](https://prestigehomeschoolacademy.com))'],"Public review footprint appears sparse. I found no strong school-specific review profile for this Florida campus; search results mostly surfaced the school website and unrelated Prestige entities, plus a local directory mention. That suggests limited public reputation data and a relatively low review volume. ([Prestige Homeschool Academy search results](https://www.pplx.ai)","['Offers flexible homeschool-friendly scheduling and month-to-month enrollment.', 'Keeps class sizes small and emphasizes personalized, project-based instruction.', 'Provides certified teachers and parent access to curriculum via email upon request.', 'Uses Brightwheel for check-in/out, which shows some operational awareness for safety and communication.']","['Enrollment and inquiry flow appear manual and email-driven rather than self-serve.', 'Website content is light and somewhat repetitive, with limited proof points, testimonials, or clear admissions funnel.', 'No obvious social proof or strong review presence.', 'Scheduling, waitlist management, field trips, and multi-option attendance likely create administrative complexity for a small team.', 'No clear student information system or parent portal is visible beyond Brightwheel check-in/out.']","This looks like a strong fit for microschool operations software because it is small, hybrid, parent-facing, and likely managing scheduling, enrollment, communications, class rosters, calendar changes, and waitlists with lightweight tools. The school’s drop-off model, multiple attendance patterns, and field-trip/calendar needs align closely with software that helps small learning centers run more professionally and scale past the first 25 students. ([Prestige Homeschool Academy FAQ](https://prestigehomeschoolacademy.com/frequently-asked-%3F), [Prestige Homeschool Academy What We Do](https://prestigehomeschoolacademy.com/what-we-do))",5,High,"[Prestige Homeschool Academy website](https://prestigehomeschoolacademy.com), [What We Do](https://prestigehomeschoolacademy.com/what-we-do), [Contact Us](https://prestigehomeschoolacademy.com/contact-us), [FAQ](https://prestigehomeschoolacademy.com/frequently-asked-%3F), [Important Dates](https://prestigehomeschoolacademy.com/important-dates), [Sunbiz filing](https://search.sunbiz.org/Inquiry/CorporationSearch/SearchResults?InquiryType=EntityName&InquiryDirectionType=PreviousRecord&SearchTerm=PRESTIGE+HOUSING+SERVICE+INC&SearchNameOrder=PRESTIGEHOMESCONSTRUCTION+L100000389650&ListNameOrder=PRESTIGEHOMESATINTERNATIONALGA+7542950&Detail=FL.DOS.Corporations.Shared.Contracts.FilingRecord), [NWFL Hub private umbrella/hybrid micro schools list](https://www.nwflhub.com/private-umbrella-hybrid-micro-schools-virtual-options)"
"Exodus Academy, Spartanburg SC",Exodus Academy,South Carolina,[Exodus Academy](https://www.educationwithexodus.com),"301 Gallman Road, Inman, SC 29349 / Spartanburg County, SC",Private Christian microschool / homeschool hybrid / after-school program,"Appears launch-stage and very small: Yelp says established in 2023 with 0 reviews, and the nonprofit filings show recent 2023-2024 activity with a 2025 tax-exempt status date. The site also uses a simple registration flow and basic inquiry language rather than a robust admissions system.",Private microschool plus homeschool hybrid learning center with after-school pickup support; Christian-affiliated and SCISA-accredited.,5K through 12th grade; class pages also show offerings for ages 3-13+ in mixed-age enrichment and academic classes.,"Likely very small, but no official enrollment count found; public signals suggest a boutique startup with limited visibility and no review volume.","Tuition is not clearly posted on the main site. The school offers a full-time microschool, a 2-day or 3-day homeschool hybrid, and after-school pickup programming. The class page shows semester-based class pricing, pay-what-you-can administration fee language, and separate registration paperwork.",['No social media links were clearly surfaced on the official site; search results did not confirm active school social accounts.'],"Public reputation is sparse. Yelp shows 0 reviews and no rating, while the official site emphasizes Christian microschooling and community support. No broad review footprint was found.","['Clear niche positioning as a Christian microschool and homeschool hybrid', 'Offers multiple schedule options including 2-day and 3-day hybrid formats', 'Provides a broad menu of classes/clubs and after-school pickup', 'Shows recent operational activity and a concrete physical address', 'Has formal accreditation listed through SCISA']","['Tuition and pricing are not clearly centralized on the main site', 'Enrollment appears manual-heavy, with calls and separate paperwork/registration steps', 'Operational complexity is visible in mixed programs, age bands, classes, clubs, and transportation pickup', 'No meaningful review volume or social proof', 'Website looks simple and information is spread across multiple pages', 'Likely needs better parent communication, calendar, class management, and enrollment workflows']","Exodus Academy looks like a strong fit for microschool operations software because it is small, recent, and operationally complex despite having a modest web presence. The mix of full-time microschooling, hybrid homeschooling, after-school pickup, semester classes, clubs, and multiple age groups suggests a need for centralized communication, scheduling, attendance, enrollment, and family management tools.",4,High,"[Official site](https://www.educationwithexodus.com), [Registration page](https://www.educationwithexodus.com/exodusacademyregistration), [Classes and pricing page](https://homeschoolexodus.com/courses/), [Yelp listing](https://www.yelp.com/biz/exodus-academy-inman), [ProPublica nonprofit filing](https://projects.propublica.org/nonprofits/organizations/933545761), [SCISA school ID list](https://www.scisa.org/images/pdf-files/School_ID_Numbers.pdf)"
